ID,title,cat,label
32617570,Leben (milk product),Arab cuisine,food
75065,Hummus,Arab cuisine,food
39118630,Laban rayeb,Arab cuisine,food
323609,Mangal (barbecue),Arab cuisine,food
49538806,Saleeg,Arab cuisine,food
7462604,Shahan ful,Arab cuisine,food
1070930,Fig roll,Arab cuisine,food
12842989,Saudi Arabian cuisine,Arab cuisine,food
3366420,Lahmacun,Arab cuisine,food
57565255,Qalayet bandora,Arab cuisine,food
11487426,Matbukha,Arab cuisine,food
182802,Halva,Arab cuisine,food
2613897,Duqqa,Arab cuisine,food
11146241,Palestinian cuisine,Arab cuisine,food
60951,Cardamom,Arab cuisine,food
28038024,Harissa,Arab cuisine,food
164311,Falafel,Arab cuisine,food
5940610,Chorba,Arab cuisine,food
4314987,Mulukhiyah,Arab cuisine,food
590260,Arak (drink),Arab cuisine,food
27150686,Araqi (drink),Arab cuisine,food
875141,Dolma,Arab cuisine,food
13326198,Date honey,Arab cuisine,food
700699,Moussaka,Arab cuisine,food
17074060,Fatteh,Arab cuisine,food
3850819,Musakhan,Arab cuisine,food
18734193,Qâlat daqqa,Arab cuisine,food
17193183,Mahyawa,Arab cuisine,food
3781084,Pomegranate juice,Arab cuisine,food
4547643,Akkawi,Arab cuisine,food
56389461,Joshpara,Arab cuisine,food
11287682,Syrian cuisine,Arab cuisine,food
82789,Pita,Arab cuisine,food
29342112,Dallah (coffee pot),Arab cuisine,food
1965701,List of Syrian cheeses,Arab cuisine,food
21792468,Arab salad,Arab cuisine,food
14714894,Kleicha,Arab cuisine,food
27585944,Meghli,Arab cuisine,food
3548013,Lebanese cuisine,Arab cuisine,food
47837437,Salep,Arab cuisine,food
7985,Dill,Arab cuisine,food
9996368,Usban,Arab cuisine,food
3841447,Amba (condiment),Arab cuisine,food
64196158,Lauzinaj,Arab cuisine,food
20667174,Algerian cuisine,Arab cuisine,food
52680145,Libyan tea,Arab cuisine,food
1584615,Chermoula,Arab cuisine,food
7799061,Muhammad bin Hasan al-Baghdadi,Arab cuisine,food
14084602,Eastern Arabian cuisine,Arab cuisine,food
168528,Halloumi,Arab cuisine,food
20819501,Stuffed squash,Arab cuisine,food
13374092,Masgouf,Arab cuisine,food
35869299,Baghrir,Arab cuisine,food
5908316,Manakish,Arab cuisine,food
51444003,Mahmous,Arab cuisine,food
49672819,Kuwaiti tea,Arab cuisine,food
2053043,Arab cuisine,Arab cuisine,food
41677905,Assidat Zgougou,Arab cuisine,food
55913022,Tresse cheese,Arab cuisine,food
3515204,Sarma (food),Arab cuisine,food
8171347,Whole stuffed camel,Arab cuisine,food
53799085,List of Arab salads,Arab cuisine,food
21956991,Mrouzia,Arab cuisine,food
11560189,Muhammara,Arab cuisine,food
21819144,Fatayer,Arab cuisine,food
64360361,Ash cake,Arab cuisine,food
2871685,Piper cubeba,Arab cuisine,food
17634213,Domiati,Arab cuisine,food
7932098,Camel milk,Arab cuisine,food
8595515,Bsisa,Arab cuisine,food
2322115,Iraqi cuisine,Arab cuisine,food
53332,Saffron,Arab cuisine,food
58061940,Dried lime tea,Arab cuisine,food
3851026,Maqluba,Arab cuisine,food
7018698,Bamia,Arab cuisine,food
40050380,Tahini roll,Arab cuisine,food
51079968,Taktouka,Arab cuisine,food
1802458,Harira,Arab cuisine,food
64144980,Sayadieh,Arab cuisine,food
8686846,Malsouka,Arab cuisine,food
38741703,Kabkabou,Arab cuisine,food
6018072,Lahoh,Arab cuisine,food
39114237,Mish,Arab cuisine,food
57755108,Eish shamsi,Arab cuisine,food
1039663,Tabbouleh,Arab cuisine,food
31319293,Omani cuisine,Arab cuisine,food
43796556,Rfissa,Arab cuisine,food
46618003,Warbat,Arab cuisine,food
53814408,Mechouia salad,Arab cuisine,food
57769534,Bataw (bread),Arab cuisine,food
55787473,Mfarakeh,Arab cuisine,food
2861297,Shanklish,Arab cuisine,food
289691,Tahini,Arab cuisine,food
48044401,Samoon,Arab cuisine,food
63809993,Saj bread,Arab cuisine,food
62928385,Mutabbaq samak,Arab cuisine,food
341075,Gyro (food),Arab cuisine,food
61856441,Asfanakhyh,Arab cuisine,food
1608006,Mansaf,Arab cuisine,food
12795036,Toum,Arab cuisine,food
59006738,The Eucalyptus,Arab cuisine,food
4370265,Eish merahrah,Arab cuisine,food
17684438,Freekeh,Arab cuisine,food
43923536,Rhobs el Arsa,Arab cuisine,food
18465432,Tharid,Arab cuisine,food
41777833,Western Saharan cuisine,Arab cuisine,food
17448211,Ibn Sayyar al-Warraq,Arab cuisine,food
22062978,Murri (condiment),Arab cuisine,food
2780348,Mujaddara,Arab cuisine,food
42663864,Cherry kebab,Arab cuisine,food
1584594,Ras el hanout,Arab cuisine,food
20657443,Jordanian cuisine,Arab cuisine,food
18707192,Baklava,Arab cuisine,food
1175382,Cabbage roll,Arab cuisine,food
1914210,Koshary,Arab cuisine,food
482824,Turkish coffee,Arab cuisine,food
53716419,Arabic tea,Arab cuisine,food
47837427,Torshi,Arab cuisine,food
20246303,Libyan cuisine,Arab cuisine,food
58092950,Sfinz,Arab cuisine,food
682549,Baba ghanoush,Arab cuisine,food
24396863,Fried eggplant,Arab cuisine,food
34852837,Khamis el sakara,Arab cuisine,food
24216534,Fesikh,Arab cuisine,food
3099917,Levantine cuisine,Arab cuisine,food
25340533,Attar (syrup),Arab cuisine,food
64178325,Arab Indonesian cuisine,Arab cuisine,food
8250188,Aleppo pepper,Arab cuisine,food
42573199,Chebakia,Arab cuisine,food
69232,Sumac,Arab cuisine,food
6745,Couscous,Arab cuisine,food
32742111,Briouat,Arab cuisine,food
55870031,Mombar,Arab cuisine,food
52087544,Halawet el Jibn,Arab cuisine,food
49092547,Rigouta,Arab cuisine,food
443480,Semolina,Arab cuisine,food
35869336,M'semen,Arab cuisine,food
13521586,Preserved lemon,Arab cuisine,food
67064,Rose water,Arab cuisine,food
50587044,Jiucai hezi,Chinese cuisine,food
8422450,Roast goose,Chinese cuisine,food
43255255,Oriental melon,Chinese cuisine,food
34003239,Changzhou sesame cake,Chinese cuisine,food
60560495,Latiao,Chinese cuisine,food
5485081,Chinese aristocrat cuisine,Chinese cuisine,food
1017309,Sweet and sour,Chinese cuisine,food
4126680,Indian Chinese cuisine,Chinese cuisine,food
35275877,Virgin boy egg,Chinese cuisine,food
7254225,List of sources of Chinese culinary history,Chinese cuisine,food
5321303,Japanese Chinese cuisine,Chinese cuisine,food
39432929,Dongjing Meng Hua Lu,Chinese cuisine,food
47897735,Dosirak,Chinese cuisine,food
26903223,Pakistani Chinese cuisine,Chinese cuisine,food
17455657,Mung bean sprout,Chinese cuisine,food
30875975,Century egg,Chinese cuisine,food
6134085,Soy egg,Chinese cuisine,food
16971,Kvass,Chinese cuisine,food
57283744,Chinese restaurants in Australia,Chinese cuisine,food
47837775,Jinhua ham,Chinese cuisine,food
35196879,Doupi,Chinese cuisine,food
41201483,Smoked egg,Chinese cuisine,food
19003136,Kuai (dish),Chinese cuisine,food
56909971,Babaocai,Chinese cuisine,food
36253472,A Bite of China,Chinese cuisine,food
39771197,Duck's head,Chinese cuisine,food
33270066,Laba congee,Chinese cuisine,food
2049608,Yong tau foo,Chinese cuisine,food
5484157,Jiangxi cuisine,Chinese cuisine,food
33419535,Nantong Xiting Cracker,Chinese cuisine,food
884908,Calabash,Chinese cuisine,food
52138233,Yanbangcai,Chinese cuisine,food
53278553,Lychee pork,Chinese cuisine,food
32294565,Yak butter,Chinese cuisine,food
52448391,Wenzhou pig powder,Chinese cuisine,food
18621339,Pig slaughter,Chinese cuisine,food
33140703,Huai'an Pingqiao tofu,Chinese cuisine,food
1768741,Tofu skin,Chinese cuisine,food
62785,Edamame,Chinese cuisine,food
2579000,Duck as food,Chinese cuisine,food
1617199,Basella alba,Chinese cuisine,food
52643876,Cowhells cake,Chinese cuisine,food
2422336,Water Banquet,Chinese cuisine,food
36872386,Mian Ren (Flour Figure),Chinese cuisine,food
374094,Lotus root,Chinese cuisine,food
881551,Balut (food),Chinese cuisine,food
3191788,Rousong,Chinese cuisine,food
1643366,"Ciqikou, Chongqing",Chinese cuisine,food
32171094,Chinese restaurant,Chinese cuisine,food
57724453,Wok Express,Chinese cuisine,food
1690979,Macanese cuisine,Chinese cuisine,food
47757992,Bok bok sing,Chinese cuisine,food
2033735,Brassica juncea,Chinese cuisine,food
937268,Yuan Mei,Chinese cuisine,food
33489762,Chaogan,Chinese cuisine,food
15044814,Menma,Chinese cuisine,food
5591668,Simply Ming,Chinese cuisine,food
34195729,Changzhou Big Magao,Chinese cuisine,food
47469033,Tze Char,Chinese cuisine,food
55723979,Youxuan,Chinese cuisine,food
38296094,Shaokao,Chinese cuisine,food
67465771,Jinhua shortbread,Chinese cuisine,food
53000,Stir frying,Chinese cuisine,food
43085434,The Search for General Tso,Chinese cuisine,food
62784,Soybean,Chinese cuisine,food
3949800,History of Chinese cuisine,Chinese cuisine,food
11633366,Blood as food,Chinese cuisine,food
1087668,Ham hock,Chinese cuisine,food
53270519,Yanpi,Chinese cuisine,food
9527211,Qingtuan,Chinese cuisine,food
31311622,Chinese red eggs,Chinese cuisine,food
46206133,Daa Laang,Chinese cuisine,food
50944278,Xuanwei ham,Chinese cuisine,food
210015,Glutinous rice,Chinese cuisine,food
62590849,Chinese Latin American cuisine,Chinese cuisine,food
65434134,Nanpie,Chinese cuisine,food
22419013,Tofu,Chinese cuisine,food
11687423,Dried shredded squid,Chinese cuisine,food
1558,American Chinese cuisine,Chinese cuisine,food
20134604,Whale meat,Chinese cuisine,food
12977909,Dougan,Chinese cuisine,food
60272563,Diāng-biĕng-gù,Chinese cuisine,food
30320804,Donkey burger,Chinese cuisine,food
41200223,The Way of Eating,Chinese cuisine,food
27813297,Deer penis,Chinese cuisine,food
33471603,Xuzhou cuisine,Chinese cuisine,food
39104,Chinese food therapy,Chinese cuisine,food
2681214,Caribbean Chinese cuisine,Chinese cuisine,food
53535081,Irene Kuo,Chinese cuisine,food
40611823,Yangcheng Lake large crab,Chinese cuisine,food
6583,Chinese cuisine,Chinese cuisine,food
42506631,Sagittaria trifolia,Chinese cuisine,food
1907296,Baozi,Chinese cuisine,food
43813114,Anfu ham,Chinese cuisine,food
33125414,Nanjing Salted Duck,Chinese cuisine,food
25573598,Wei Chuan Foods Corporation,Chinese cuisine,food
41648091,Fast food in China,Chinese cuisine,food
30044870,Xiaochi,Chinese cuisine,food
147809,Mochi,Chinese cuisine,food
5494802,Soybean sprout,Chinese cuisine,food
29969,Tea,Chinese cuisine,food
32605036,Chinese spoon,Chinese cuisine,food
2477935,Canadian Chinese cuisine,Chinese cuisine,food
35572597,Yellow-hair chicken,Chinese cuisine,food
34216345,Baipu Chagan,Chinese cuisine,food
44199142,Wotou,Chinese cuisine,food
52642124,Gorgon cake,Chinese cuisine,food
44525007,Ampelopsis grossedentata,Chinese cuisine,food
58855471,Australian Chinese cuisine,Chinese cuisine,food
57204518,Xuzhou's Diet,Chinese cuisine,food
25963682,Customs and etiquette in Chinese dining,Chinese cuisine,food
54317251,Smoked plum,Chinese cuisine,food
53206326,Ginseng chicken soup,Chinese cuisine,food
35768855,Malatang,Chinese cuisine,food
48506906,Dry pot chicken,Chinese cuisine,food
276752,Wheat gluten (food),Chinese cuisine,food
11304298,Bakpia pathok,Chinese cuisine,food
52643719,He (Chinese pastry),Chinese cuisine,food
53136528,Roasted sweet potato,Chinese cuisine,food
61414294,Flavorful Origins,Chinese cuisine,food
14369998,Cooked rice,Chinese cuisine,food
1194371,Taoist diet,Chinese cuisine,food
1342634,Tianmian sauce,Chinese cuisine,food
64275858,British Chinese cuisine,Chinese cuisine,food
3220171,Sugar plum,Christmas food,food
8551178,Devils on horseback,Christmas food,food
44029624,Couque de Dinant,Christmas food,food
1056445,Red velvet cake,Christmas food,food
42163788,Pan de Cádiz,Christmas food,food
62168,Trifle,Christmas food,food
33775339,Lanttulaatikko,Christmas food,food
191214,Mandarin orange,Christmas food,food
21194681,Kerststol,Christmas food,food
27402423,Christmas food,Christmas food,food
64507738,U Pan de Natale,Christmas food,food
1136752,Lefse,Christmas food,food
3990518,Poppy milk,Christmas food,food
1283683,Spritzgebäck,Christmas food,food
14872786,Bremer Klaben,Christmas food,food
2692577,Christmas cookie,Christmas food,food
186052,Pigs in a blanket,Christmas food,food
167212,Tortell,Christmas food,food
6696910,Fritule,Christmas food,food
1235914,Rum ball,Christmas food,food
53593454,Banket (pastry),Christmas food,food
22509296,Potatiskorv,Christmas food,food
47862597,Suckling pig,Christmas food,food
540638,Apple cider,Christmas food,food
30264696,Sandbakelse,Christmas food,food
540333,Hot chocolate,Christmas food,food
25814339,Biscuit (bread),Christmas food,food
33042393,Allerheiligenstriezel,Christmas food,food
6987720,Bethmännchen,Christmas food,food
3995361,Puppy chow (snack),Christmas food,food
5404591,Cozonac,Christmas food,food
332026,Hot cross bun,Christmas food,food
47896024,Vínarterta,Christmas food,food
1703191,Hard sauce,Christmas food,food
24931684,Hot buttered rum,Christmas food,food
63532,Lutefisk,Christmas food,food
11994803,Santa Claus melon,Christmas food,food
6822893,Pasteles,Christmas food,food
64748110,German baked apples,Christmas food,food
33040025,Qurabiya,Christmas food,food
849869,Rice pudding,Christmas food,food
15397640,Russian tea cake,Christmas food,food
43681194,Butter cookie,Christmas food,food
20896507,Cuccidati,Christmas food,food
349527,Pandoro,Christmas food,food
13780363,Nut roast,Christmas food,food
23700198,Neula,Christmas food,food
1012066,Pickled herring,Christmas food,food
8104499,Bolo-rei,Christmas food,food
17466908,Kūčiukai,Christmas food,food
634071,Fruitcake,Christmas food,food
16747176,Makówki,Christmas food,food
13949271,Toruń gingerbread,Christmas food,food
21323231,Zakuski,Christmas food,food
289767,Gumbo,Christmas food,food
2668226,Christmas cake,Christmas food,food
34322974,Oyster stew,Christmas food,food
66497685,Borgoña (drink),Christmas food,food
4045698,Cola de mono,Christmas food,food
55817967,Greek-style fish,Christmas food,food
2122982,Pernil,Christmas food,food
1358369,Rumtopf,Christmas food,food
44400938,Joulutorttu,Christmas food,food
26714823,Hojuela,Christmas food,food
14834223,Salată de boeuf,Christmas food,food
3691271,Guyanese pepperpot,Christmas food,food
1200020,Gingerbread house,Christmas food,food
4372990,Saffron bun,Christmas food,food
26730465,Arroz con gandules,Christmas food,food
1148726,Stollen,Christmas food,food
1704440,Smalahove,Christmas food,food
55629441,Bustrengo,Christmas food,food
61242464,Tupig,Christmas food,food
34992175,Borș de burechiușe,Christmas food,food
15769,Julmust,Christmas food,food
67733,Chestnut,Christmas food,food
1322335,Česnica,Christmas food,food
3668100,Bibingka,Christmas food,food
25114023,Smultring,Christmas food,food
40831281,Asopao,Christmas food,food
18706748,Polvorón,Christmas food,food
1127111,Candy apple,Christmas food,food
251647,Nut (fruit),Christmas food,food
8603844,Mendiant,Christmas food,food
20676825,Berner Haselnusslebkuchen,Christmas food,food
40743733,Racuchy,Christmas food,food
166515,Pizzelle,Christmas food,food
20930859,Spiced beef,Christmas food,food
28889539,Syltelabb,Christmas food,food
866956,Bread sauce,Christmas food,food
232111,Candy cane,Christmas food,food
40752981,Gammon (meat),Christmas food,food
1945504,Bigos,Christmas food,food
4368814,Zopf,Christmas food,food
57001442,Crema de fruta,Christmas food,food
13028904,Thirteen desserts,Christmas food,food
3563570,Szaloncukor,Christmas food,food
403936,Christmas pudding,Christmas food,food
5583987,Sbiten,Christmas food,food
46568,Bread pudding,Christmas food,food
34172017,Melomakarono,Christmas food,food
3538424,Kalach (food),Christmas food,food
2347159,Divinity (confectionery),Christmas food,food
65377599,Bibikkan,Christmas food,food
1269972,Champurrado,Christmas food,food
2091728,Jansson's temptation,Christmas food,food
24096880,Almond present,Christmas food,food
20682349,Carne de vinha d'alhos,Christmas food,food
33757720,Rose Cookies,Christmas food,food
2586650,Pot-au-feu,Christmas food,food
41407193,Pan de jamón,Christmas food,food
57948187,Fève,Christmas food,food
2289197,Coquito,Christmas food,food
944332,Tom and Jerry (drink),Christmas food,food
5948229,Oliebol,Christmas food,food
40005503,Redcurrant sauce,Christmas food,food
600974,Joulupöytä,Christmas food,food
60342193,Ube cake,Christmas food,food
60228008,Hardinera,Christmas food,food
46876,Mince pie,Christmas food,food
37372286,Smoking Bishop,Christmas food,food
32850161,Pestiños,Christmas food,food
59378716,Tsokolate,Christmas food,food
46554,Frumenty,Christmas food,food
8934746,Cavallucci,Christmas food,food
3649461,Moravian spice cookies,Christmas food,food
58850911,Porkkanalaatikko,Christmas food,food
64755391,Julekake,Christmas food,food
371575,Lebkuchen,Christmas food,food
66192642,Zimtstern,Christmas food,food
1169777,Cobbler (food),Christmas food,food
21336483,Smörgåsbord,Christmas food,food
421897,Turrón,Christmas food,food
65395872,Limpa,Christmas food,food
1003371,Menudo (soup),Christmas food,food
672113,Wassail,Christmas food,food
34036603,Stutenkerl,Christmas food,food
20111193,Pumpkin pie,Christmas food,food
278000,Roast beef,Christmas food,food
42452435,Marzipan pig,Christmas food,food
2886590,Snap-dragon (game),Christmas food,food
25341247,Mustacciuoli,Christmas food,food
509025,Soda bread,Christmas food,food
373998,Stuffing,Christmas food,food
8605110,Filhó,Christmas food,food
1435167,Pecan pie,Christmas food,food
20653166,Peppermint bark,Christmas food,food
4236804,Yule log (cake),Christmas food,food
20482322,Prinskorv,Christmas food,food
38879,Panettone,Christmas food,food
59263674,Puto bumbóng,Christmas food,food
18761400,Hangikjöt,Christmas food,food
19721214,Quince cheese,Christmas food,food
7774839,Eierpunsch,Christmas food,food
12554186,Ricciarelli,Christmas food,food
9863191,Pig roast,Christmas food,food
14299,Ham,Christmas food,food
157973,Knäck,Christmas food,food
20580717,Tirggel,Christmas food,food
20844587,White Christmas (food),Christmas food,food
9138334,Ashure,Christmas food,food
23738654,Risalamande,Christmas food,food
729782,Gingerbread,Christmas food,food
4142376,Springerle,Christmas food,food
6091841,Sweet potato pie,Christmas food,food
34578954,Maksalaatikko,Christmas food,food
376775,List of Christmas dishes,Christmas food,food
41695181,Pastel de Gloria,Christmas food,food
11902248,Kelewele,Deep fried foods,food
401910,Fried clams,Deep fried foods,food
26731985,Unnakai,Deep fried foods,food
15139867,Qatayef,Deep fried foods,food
12597739,Yau gok,Deep fried foods,food
52428064,Bread pakora,Deep fried foods,food
7656789,Beguni,Deep fried foods,food
30205711,Maruya (food),Deep fried foods,food
448587,Chislic,Deep fried foods,food
34466039,Far far,Deep fried foods,food
22078173,Chebureki,Deep fried foods,food
42448320,Keripik sanjai,Deep fried foods,food
21065242,Imqaret,Deep fried foods,food
11811872,Bánh,Deep fried foods,food
42935260,Nadur Monji,Deep fried foods,food
63687536,Pisang cokelat,Deep fried foods,food
29052659,Kaassoufflé,Deep fried foods,food
876244,Bonda,Deep fried foods,food
2223360,Puri (food),Deep fried foods,food
46898757,Chiroti,Deep fried foods,food
32273495,Sorullos,Deep fried foods,food
916524,Calas (food),Deep fried foods,food
36143638,Breaded cutlet,Deep fried foods,food
54013211,Deep-fried avocado,Deep fried foods,food
42780328,Krupuk kulit,Deep fried foods,food
8871773,Batata vada,Deep fried foods,food
1344920,Panipuri,Deep fried foods,food
6342135,Luchi,Deep fried foods,food
3301693,Chugchucaras,Deep fried foods,food
1943120,Chicharrón,Deep fried foods,food
342509,Offal,Deep fried foods,food
42465637,Triple-cooked chips,Deep fried foods,food
64432121,Ayam pop,Deep fried foods,food
479805,Chicken nugget,Deep fried foods,food
1913368,Kibbeh,Deep fried foods,food
18709311,Rolled oyster,Deep fried foods,food
33647087,Manchurian (dish),Deep fried foods,food
18058772,Bugak,Deep fried foods,food
6249509,Fried onion,Deep fried foods,food
905638,General Tso's chicken,Deep fried foods,food
2280736,Mozzarella sticks,Deep fried foods,food
1220931,Egg roll,Deep fried foods,food
51087174,Peremech,Deep fried foods,food
31076293,Bikaneri bhujia,Deep fried foods,food
46513790,Vegetable chip,Deep fried foods,food
38846117,Gulha,Deep fried foods,food
2856778,Parmo,Deep fried foods,food
37063839,Aborrajados de plátano maduro,Deep fried foods,food
5979812,Natchitoches meat pie,Deep fried foods,food
5838689,Patrode,Deep fried foods,food
30865549,Tostones,Deep fried foods,food
2083322,Frybread,Deep fried foods,food
52982,Deep frying,Deep fried foods,food
1377179,Pizza puff,Deep fried foods,food
32610460,Kakiage,Deep fried foods,food
59476264,Lumpiang keso,Deep fried foods,food
53839056,Tangsuyuk,Deep fried foods,food
10367494,Fried pickle,Deep fried foods,food
15531469,Finger steaks,Deep fried foods,food
11630060,Emping,Deep fried foods,food
6825759,Coxinha,Deep fried foods,food
46634117,Apple chip,Deep fried foods,food
36114274,Ngohiong,Deep fried foods,food
28779410,Rempeyek,Deep fried foods,food
11984527,Pempek,Deep fried foods,food
50641211,Fried cheese,Deep fried foods,food
49322049,Spice bag,Deep fried foods,food
11811309,Bánh rán,Deep fried foods,food
1419747,Stinky tofu,Deep fried foods,food
12133719,Korean fried chicken,Deep fried foods,food
10296674,Duros (food),Deep fried foods,food
5565306,Turon (food),Deep fried foods,food
10988445,Pommes soufflées,Deep fried foods,food
1093519,Onion ring,Deep fried foods,food
46756769,Abel Gonzales,Deep fried foods,food
1076942,Deep-fried Mars bar,Deep fried foods,food
3498119,Clam cake,Deep fried foods,food
25271449,Mandu-gwa,Deep fried foods,food
49925771,Deep-fried Oreo,Deep fried foods,food
29372688,Bagnet,Deep fried foods,food
147804,Tempura,Deep fried foods,food
50910817,Nuegado,Deep fried foods,food
47862655,Krupuk,Deep fried foods,food
4253780,Menchi-katsu,Deep fried foods,food
6886711,Deep-fried pizza,Deep fried foods,food
28137183,Camaron rebosado,Deep fried foods,food
3158765,Smažený sýr,Deep fried foods,food
47775352,Crab Rangoon,Deep fried foods,food
7898263,Karaage,Deep fried foods,food
3879557,Fried shrimp,Deep fried foods,food
62375459,Griot (food),Deep fried foods,food
65273712,Pone (food),Deep fried foods,food
18598020,Fried chicken,Deep fried foods,food
67651237,Olive all'ascolana,Deep fried foods,food
59464641,Dinamita,Deep fried foods,food
29575078,Camote cue,Deep fried foods,food
13543108,Shankarpali,Deep fried foods,food
21463597,Chicken fried bacon,Deep fried foods,food
59646658,Lumpiang gulay,Deep fried foods,food
31949645,Scraps (batter),Deep fried foods,food
372557,Banana chip,Deep fried foods,food
19963621,Jelly doughnut,Deep fried foods,food
10629925,Popcorn chicken,Deep fried foods,food
17158538,Squid as food,Deep fried foods,food
16839215,Deep-fried peanuts,Deep fried foods,food
42854945,List of deep fried foods,Deep fried foods,food
49310023,Har cheong gai,Deep fried foods,food
46173,Fish and chips,Deep fried foods,food
26383833,Dum Aloo,Deep fried foods,food
535399,Samosa,Deep fried foods,food
25221526,Yin Yang fish,Deep fried foods,food
484999,Youtiao,Deep fried foods,food
67840396,List of potato chip brands,Deep fried foods,food
59473197,Lumpiang Shanghai,Deep fried foods,food
39943360,Haliva,Deep fried foods,food
4975554,Sesame chicken,Deep fried foods,food
32228603,Tokneneng,Deep fried foods,food
5655248,Oysters en brochette,Deep fried foods,food
38895725,Kkulppang,Deep fried foods,food
64020128,Tarua,Deep fried foods,food
47602552,Haggis pakora,Deep fried foods,food
54889,Tonkatsu,Deep fried foods,food
652972,Corn dog,Deep fried foods,food
14005940,Deviled crab,Deep fried foods,food
3484573,Jalapeño popper,Deep fried foods,food
40794832,Carrot chip,Deep fried foods,food
25021476,Klenät,Deep fried foods,food
1728424,Bhatoora,Deep fried foods,food
35330783,Sev (food),Deep fried foods,food
2775732,Bannock (food),Deep fried foods,food
12363609,Pommes dauphine,Deep fried foods,food
36436599,Pritong saging,Deep fried foods,food
1318599,Hash browns,Deep fried foods,food
30875458,Croquette,Deep fried foods,food
49854601,Achappam,Deep fried foods,food
54089304,Dongaseu,Deep fried foods,food
2458500,Vetkoek,Deep fried foods,food
5215723,Chicken lollipop,Deep fried foods,food
10265984,Jian dui,Deep fried foods,food
13807769,Namak para,Deep fried foods,food
13784982,Yumil-gwa,Deep fried foods,food
1560817,Karintō,Deep fried foods,food
674769,Pastie,Deep fried foods,food
15402546,Ox-tongue pastry,Deep fried foods,food
40010338,Lörtsy,Deep fried foods,food
113092,Twinkie,Deep fried foods,food
1270756,Jalebi,Deep fried foods,food
21795133,Patatas bravas,Deep fried foods,food
41545932,Toobs,Deep fried foods,food
47827563,Lumpia,Deep fried foods,food
451818,Rocky Mountain oysters,Deep fried foods,food
386117,Scotch egg,Deep fried foods,food
53147856,Tongdak,Deep fried foods,food
46748102,Deep-fried butter,Deep fried foods,food
828697,Tenkasu,Deep fried foods,food
37686578,Szczecin pasztecik,Deep fried foods,food
47862672,Prawn cracker,Deep fried foods,food
5990698,Cousins Subs,Fast-food chains of the United States,food
20729265,IHOP,Fast-food chains of the United States,food
2405785,Sbarro,Fast-food chains of the United States,food
1617094,Potbelly Sandwich Shop,Fast-food chains of the United States,food
4807248,Jason's Deli,Fast-food chains of the United States,food
4921078,Texadelphia,Fast-food chains of the United States,food
1419741,Firehouse Subs,Fast-food chains of the United States,food
4022566,White Tower Hamburgers,Fast-food chains of the United States,food
5052187,Penn Station (restaurant),Fast-food chains of the United States,food
22093136,Nu-Way Weiners,Fast-food chains of the United States,food
700308,Arctic Circle Restaurants,Fast-food chains of the United States,food
4021710,Gino's Hamburgers,Fast-food chains of the United States,food
3505911,Primanti Brothers,Fast-food chains of the United States,food
29587374,Louisiana Famous Fried Chicken,Fast-food chains of the United States,food
1374795,Friendly's,Fast-food chains of the United States,food
24971242,Zippy's,Fast-food chains of the United States,food
18798238,Foosackly's,Fast-food chains of the United States,food
8994531,Milo's Hamburgers,Fast-food chains of the United States,food
57570578,Penguin Point (restaurant chain),Fast-food chains of the United States,food
4929776,Handel's Homemade Ice Cream & Yogurt,Fast-food chains of the United States,food
65972367,Bruxie,Fast-food chains of the United States,food
30765910,Menchie's Frozen Yogurt,Fast-food chains of the United States,food
58770414,Hartz Chicken,Fast-food chains of the United States,food
66043257,SomiSomi Soft Serve & Taiyaki,Fast-food chains of the United States,food
4333464,Hungry Howie's Pizza,Fast-food chains of the United States,food
14767710,Cafe Rio,Fast-food chains of the United States,food
2637586,Earl of Sandwich (restaurant),Fast-food chains of the United States,food
2529428,Pollo Tropical,Fast-food chains of the United States,food
1352665,Dunkin' Brands,Fast-food chains of the United States,food
6793467,Steak Escape,Fast-food chains of the United States,food
34358979,Tropical Sno,Fast-food chains of the United States,food
1209889,Speedway (store),Fast-food chains of the United States,food
1251555,Culver's,Fast-food chains of the United States,food
13801386,Red Mango,Fast-food chains of the United States,food
51051125,Tom's BaoBao,Fast-food chains of the United States,food
2959119,Schlotzsky's,Fast-food chains of the United States,food
31719361,Sullivan Family of Companies,Fast-food chains of the United States,food
17228290,Saladworks,Fast-food chains of the United States,food
3951817,Cluck-U Chicken,Fast-food chains of the United States,food
1475725,Skyline Chili,Fast-food chains of the United States,food
963917,Del Taco,Fast-food chains of the United States,food
1369717,Taco Tico,Fast-food chains of the United States,food
14226575,Halo Burger,Fast-food chains of the United States,food
865814,Dick's Drive-In,Fast-food chains of the United States,food
5541113,Spangles (restaurant),Fast-food chains of the United States,food
1816299,Freddy's Frozen Custard & Steakburgers,Fast-food chains of the United States,food
2410378,Mister Donut,Fast-food chains of the United States,food
7912544,L&L Hawaiian Barbecue,Fast-food chains of the United States,food
2153862,Bob Evans Restaurants,Fast-food chains of the United States,food
18140953,Kelly's Roast Beef,Fast-food chains of the United States,food
178771,Starbucks,Fast-food chains of the United States,food
339988,Circle K,Fast-food chains of the United States,food
5596064,Oberweis Dairy,Fast-food chains of the United States,food
13714900,The Original Hamburger Stand,Fast-food chains of the United States,food
782086,Ivar's,Fast-food chains of the United States,food
5149744,Shake Shack,Fast-food chains of the United States,food
35312009,Piada Italian Street Food,Fast-food chains of the United States,food
4885002,WingStreet,Fast-food chains of the United States,food
3382481,Rax Roast Beef,Fast-food chains of the United States,food
14425063,Noble Roman's,Fast-food chains of the United States,food
922477,Round Table Pizza,Fast-food chains of the United States,food
16034374,Anthony's Pizza,Fast-food chains of the United States,food
65076265,Roberto's Taco Shop,Fast-food chains of the United States,food
1343569,TCBY,Fast-food chains of the United States,food
16829023,Crispers (restaurant),Fast-food chains of the United States,food
9459125,Biscuitville,Fast-food chains of the United States,food
36675342,Tutti Frutti Frozen Yogurt,Fast-food chains of the United States,food
7726561,Great Wraps,Fast-food chains of the United States,food
13540244,Ted's Hot Dogs,Fast-food chains of the United States,food
690296,Denny's,Fast-food chains of the United States,food
1733797,Skippers Seafood & Chowder House,Fast-food chains of the United States,food
505920,Waffle House,Fast-food chains of the United States,food
20457764,Lion's Choice,Fast-food chains of the United States,food
3482774,Blake's Lotaburger,Fast-food chains of the United States,food
2405954,Taco John's,Fast-food chains of the United States,food
1176026,Runza,Fast-food chains of the United States,food
1930230,Hot 'n Now,Fast-food chains of the United States,food
1366506,Burger Time,Fast-food chains of the United States,food
2157722,Mel's Drive-In,Fast-food chains of the United States,food
15958128,Taco Time Northwest,Fast-food chains of the United States,food
164456,Yoshinoya,Fast-food chains of the United States,food
10427340,Wing Zone,Fast-food chains of the United States,food
10834889,Geri's Hamburgers,Fast-food chains of the United States,food
25161872,PJ's Coffee,Fast-food chains of the United States,food
63811040,Fiesta Restaurant Group,Fast-food chains of the United States,food
4905293,Chinese Gourmet Express,Fast-food chains of the United States,food
1613583,Godfather's Pizza,Fast-food chains of the United States,food
5020465,Grandy's,Fast-food chains of the United States,food
2572196,Nathan's Famous,Fast-food chains of the United States,food
63802538,Yogi Bear's Honey Fried Chicken,Fast-food chains of the United States,food
1400650,Jamba Juice,Fast-food chains of the United States,food
950651,Cinnabon,Fast-food chains of the United States,food
4193333,Carrows,Fast-food chains of the United States,food
1622810,Sheetz,Fast-food chains of the United States,food
55862628,Saxbys Coffee,Fast-food chains of the United States,food
3461212,Biggby Coffee,Fast-food chains of the United States,food
2556671,Portillo's Restaurants,Fast-food chains of the United States,food
5846362,Taco del Mar,Fast-food chains of the United States,food
47420,7-Eleven,Fast-food chains of the United States,food
1790687,Little Caesars,Fast-food chains of the United States,food
23028643,Happi House,Fast-food chains of the United States,food
26140386,Biff Burger,Fast-food chains of the United States,food
2606720,Yum-Yum Donuts,Fast-food chains of the United States,food
461754,Chick-fil-A,Fast-food chains of the United States,food
3872868,Maui Tacos,Fast-food chains of the United States,food
1557235,Pita Pit,Fast-food chains of the United States,food
1585782,Beard Papa's,Fast-food chains of the United States,food
1344284,Taco Bueno,Fast-food chains of the United States,food
5560930,BurritoVille,Fast-food chains of the United States,food
28237000,H. Salt Esquire,Fast-food chains of the United States,food
6248758,Eegee's,Fast-food chains of the United States,food
8806593,Bill Gray's,Fast-food chains of the United States,food
24304819,Zoës Kitchen,Fast-food chains of the United States,food
37404,KFC,Fast-food chains of the United States,food
17173618,Crown Burgers,Fast-food chains of the United States,food
36312750,Yumilicious,Fast-food chains of the United States,food
63693797,Curry Up Now,Fast-food chains of the United States,food
1883412,Green Burrito,Fast-food chains of the United States,food
29489591,Sandella's Flatbread Café,Fast-food chains of the United States,food
938788,Church's Chicken,Fast-food chains of the United States,food
46345,Arthur Treacher's,Fast-food chains of the United States,food
9189264,Cook Out (restaurant),Fast-food chains of the United States,food
16092855,Roscoe's House of Chicken 'N Waffles,Fast-food chains of the United States,food
5657114,Cheeburger Cheeburger,Fast-food chains of the United States,food
1247952,Taco Cabana,Fast-food chains of the United States,food
26440134,Duchess (restaurant),Fast-food chains of the United States,food
1268165,Johnny Rockets,Fast-food chains of the United States,food
24127057,Swensons,Fast-food chains of the United States,food
6586419,Wetzel's Pretzels,Fast-food chains of the United States,food
61442855,Texas Tavern,Fast-food chains of the United States,food
6875419,Hires Big H,Fast-food chains of the United States,food
14501017,The Counter,Fast-food chains of the United States,food
1000308,QuickChek,Fast-food chains of the United States,food
921364,Wienerschnitzel,Fast-food chains of the United States,food
55335177,Cinnaholic,Fast-food chains of the United States,food
14104866,What-A-Burger,Fast-food chains of the United States,food
8619207,Lee's Sandwiches,Fast-food chains of the United States,food
35529499,Dortch Enterprises,Fast-food chains of the United States,food
40639729,Insomnia Cookies,Fast-food chains of the United States,food
1416117,Ampm,Fast-food chains of the United States,food
6276000,Manchu Wok,Fast-food chains of the United States,food
42193832,The Grilled Cheese Truck,Fast-food chains of the United States,food
7857778,Cuppy's Coffee,Fast-food chains of the United States,food
56832092,Primo Hoagies,Fast-food chains of the United States,food
23097357,T.J. Cinnamons,Fast-food chains of the United States,food
22850791,Rudy's Country Store and Bar-B-Q,Fast-food chains of the United States,food
19995642,The Human Bean,Fast-food chains of the United States,food
422571,Perkins Restaurant & Bakery,Fast-food chains of the United States,food
24332067,Guthrie's,Fast-food chains of the United States,food
5251101,Diedrich Coffee,Fast-food chains of the United States,food
14597872,Leeann Chin,Fast-food chains of the United States,food
9116683,Pinkberry,Fast-food chains of the United States,food
2262050,Noodles & Company,Fast-food chains of the United States,food
44349988,Veggie Grill,Fast-food chains of the United States,food
191352,Chipotle Mexican Grill,Fast-food chains of the United States,food
37573412,Blimpy Burger,Fast-food chains of the United States,food
50720539,Sour Sally,Fast-food franchises,food
1902624,Orange Julius,Fast-food franchises,food
6168962,Donut King,Fast-food franchises,food
14130702,The Pizza Company,Fast-food franchises,food
43667603,Burger Lounge,Fast-food franchises,food
183111,Red Rooster,Fast-food franchises,food
4473423,Così (restaurant),Fast-food franchises,food
49982272,Cervecería 100 Montaditos,Fast-food franchises,food
55861284,El Pollo Loco (United States),Fast-food franchises,food
33532393,Winky's,Fast-food franchises,food
7130379,Kee Wah Bakery,Fast-food franchises,food
6510153,Jimboy's Tacos,Fast-food franchises,food
43123046,Zambrero,Fast-food franchises,food
22799890,Tantalizers,Fast-food franchises,food
166778,Jack in the Box,Fast-food franchises,food
49993033,Tops Pizza,Fast-food franchises,food
794480,Domino's Pizza,Fast-food franchises,food
254856,Pizza Haven (Australia),Fast-food franchises,food
59639405,Taco Maker,Fast-food franchises,food
41073771,Elevation Burger,Fast-food franchises,food
43085593,Pie Face,Fast-food franchises,food
34889666,Yogoberry,Fast-food franchises,food
6603623,Sandy's,Fast-food franchises,food
621197,White Castle (restaurant),Fast-food franchises,food
16259349,Pancheros Mexican Grill,Fast-food franchises,food
1113540,Papa Gino's,Fast-food franchises,food
18986355,Tubby's,Fast-food franchises,food
29434630,B-Bop's,Fast-food franchises,food
7532206,East Dawning,Fast-food franchises,food
2984220,Bembos,Fast-food franchises,food
16996841,Competitive Foods Australia,Fast-food franchises,food
4255549,Benjys,Fast-food franchises,food
422880,Arby's,Fast-food franchises,food
38717434,Kebab Turki Baba Rafi,Fast-food franchises,food
40190300,Cottage Inn Pizza,Fast-food franchises,food
8891467,Mary Brown's,Fast-food franchises,food
16434536,Pretzelmaker,Fast-food franchises,food
30874552,Carl's Jr.,Fast-food franchises,food
1687601,Taco Bell Express,Fast-food franchises,food
787262,PizzaExpress,Fast-food franchises,food
4849372,Rita's Italian Ice,Fast-food franchises,food
8230097,Domino's Pizza Enterprises,Fast-food franchises,food
25139237,Metro (restaurant chain),Fast-food franchises,food
705569,MOS Burger,Fast-food franchises,food
3953841,Oporto (restaurant),Fast-food franchises,food
379723,Dairy Queen,Fast-food franchises,food
39965428,Burgs (fast-food chain),Fast-food franchises,food
2529654,Shipley Do-Nuts,Fast-food franchises,food
37475481,Wow! Momo,Fast-food franchises,food
305493,Sonic Drive-In,Fast-food franchises,food
39293175,D'Lites,Fast-food franchises,food
1703557,Jimmy John's,Fast-food franchises,food
2813696,Boost Juice,Fast-food franchises,food
294810,A&W Restaurants,Fast-food franchises,food
38881404,Jeni's Splendid Ice Creams,Fast-food franchises,food
7775444,Smithfield's Chicken 'N Bar-B-Q,Fast-food franchises,food
54581,Subway (restaurant),Fast-food franchises,food
43687951,The Habit Burger Grill,Fast-food franchises,food
2969389,Andy's Frozen Custard,Fast-food franchises,food
26012923,Teremok,Fast-food franchises,food
21632181,Al Farooj Fresh,Fast-food franchises,food
11066065,Uncle Tony's Kebabs,Fast-food franchises,food
6955229,Burger Fuel,Fast-food franchises,food
49618661,Coffee Fellows,Fast-food franchises,food
4239802,Chicken Cottage,Fast-food franchises,food
41602380,Fryer's,Fast-food franchises,food
761071,Hungry Jack's,Fast-food franchises,food
929928,Rally's,Fast-food franchises,food
56654955,Inspire Brands,Fast-food franchises,food
6727562,Marble Slab Creamery,Fast-food franchises,food
5006945,Extreme Pita,Fast-food franchises,food
13715689,Good Times Burgers & Frozen Custard,Fast-food franchises,food
55861286,El Pollo Loco (Mexico),Fast-food franchises,food
18136194,Great American Cookies,Fast-food franchises,food
32899547,System catering,Fast-food franchises,food
3326158,Port of Subs,Fast-food franchises,food
39620817,Sweet Frog,Fast-food franchises,food
56010312,Daylight Donuts,Fast-food franchises,food
9388519,B&K Rootbeer,Fast-food franchises,food
60113319,Debonairs Pizza,Fast-food franchises,food
3233236,Brown's Chicken & Pasta,Fast-food franchises,food
8531488,Frostop,Fast-food franchises,food
22690759,Wild Wing Restaurants,Fast-food franchises,food
2244754,Au Bon Pain,Fast-food franchises,food
55435779,Boomarang Diner,Fast-food franchises,food
27711280,Yogurtland,Fast-food franchises,food
1252017,Baja Fresh,Fast-food franchises,food
1352724,Togo's,Fast-food franchises,food
2321267,D'Angelo Grilled Sandwiches,Fast-food franchises,food
16353671,Chicken Delight,Fast-food franchises,food
10355798,Al Tazaj,Fast-food franchises,food
8947332,Jerry's Subs & Pizza,Fast-food franchises,food
23159560,Smashburger,Fast-food franchises,food
46596167,VeganBurg,Fast-food franchises,food
929921,Checkers and Rally's,Fast-food franchises,food
38705971,Juice It Up!,Fast-food franchises,food
9211734,Chicken Express,Fast-food franchises,food
53298985,BurgerFi,Fast-food franchises,food
8951230,Secret Recipe (restaurant),Fast-food franchises,food
4149772,Harold's Chicken Shack,Fast-food franchises,food
2941957,Bruster's Ice Cream,Fast-food franchises,food
13168118,Barberitos,Fast-food franchises,food
3150723,Max Hamburgers,Fast-food franchises,food
64154755,James Bodenstedt,Fast-food franchises,food
37563,Taco Bell,Fast-food franchises,food
13236895,Pasquale Hnos.,Fast-food franchises,food
52386074,Collins Foods,Fast-food franchises,food
49213819,Mostaza,Fast-food franchises,food
633532,Boston Market,Fast-food franchises,food
915309,Panera Bread,Fast-food franchises,food
32618086,Southern Fried Chicken,Fast-food franchises,food
18062639,Domino's Pizza Group,Fast-food franchises,food
67341002,Çiğköftem,Fast-food franchises,food
52752058,La Salsa,Fast-food franchises,food
46982399,Pizza Haven (United States),Fast-food franchises,food
203929,Chuck E. Cheese,Fast-food franchises,food
5964789,Farmer Boys,Fast-food franchises,food
67730936,User:GERARD AIRLANGGA T/sandbox,Fast-food franchises,food
1020682,Atlanta Bread Company,Fast-food franchises,food
64269523,El Jannah,Fast-food franchises,food
35643753,Jumbo King,Fast-food franchises,food
6860683,Wienerwald (restaurant),Fast-food franchises,food
1729863,Qdoba,Fast-food franchises,food
31536632,Zpizza,Fast-food franchises,food
46286,Long John Silver's,Fast-food franchises,food
49990251,Kaspa's,Fast-food franchises,food
362124,Baskin-Robbins,Fast-food franchises,food
7319050,The Chicken Rice Shop,Fast-food franchises,food
1624652,Bojangles (restaurant),Fast-food franchises,food
17925434,Pizza Hut Express,Fast-food franchises,food
3198986,Ramly Group,Fast-food franchises,food
1947878,Moe's Southwest Grill,Fast-food franchises,food
55963625,Figaro's Pizza,Fast-food franchises,food
1715807,Mr Bigg's,Fast-food franchises,food
9864299,Zesto Drive-In,Fast-food franchises,food
6586487,Charleys Philly Steaks,Fast-food franchises,food
7319136,Sate Kajang Haji Samuri,Fast-food franchises,food
164257,Krispy Kreme,Fast-food franchises,food
391385,Roy Rogers Restaurants,Fast-food franchises,food
21405519,Wendy's,Fast-food franchises,food
3552347,Planet Sub,Fast-food franchises,food
374214,Papa John's Pizza,Fast-food franchises,food
47431606,Royal Castle (restaurant chain),Fast-food franchises,food
36097748,Yankee Doodle Dandy (restaurant),Fast-food franchises,food
11029638,Pumper Nic,Fast-food franchises,food
50938397,Frost Gelato,Fast-food franchises,food
56778456,Rusty Taco,Fast-food franchises,food
3494709,Moe's Italian Sandwiches,Fast-food franchises,food
54186442,Craveable Brands,Fast-food franchises,food
950663,Popeyes,Fast-food franchises,food
25417074,Noah's Bagels,Fast-food franchises,food
29104818,Klenger Burger,Fast-food franchises,food
3688582,Chowking,Fast-food franchises,food
382543,Robin's Donuts,Fast-food franchises,food
28089655,Henry's Hamburgers,Fast-food franchises,food
461601,Dunkin' Donuts,Fast-food franchises,food
27506182,Mr. Sandy,Fast-food franchises,food
2211320,Fosters Freeze,Fast-food franchises,food
6692788,Pudgie's,Fast-food franchises,food
20391374,Retail Food Group,Fast-food franchises,food
257211,Burgerville,Fast-food franchises,food
452982,In-N-Out Burger,Fast-food franchises,food
765449,Krystal (restaurant),Fast-food franchises,food
43457655,Orange Leaf Frozen Yogurt,Fast-food franchises,food
4148466,Steers,Fast-food franchises,food
29720642,Bresler's Ice Cream,Fast-food franchises,food
1023973,Fatburger,Fast-food franchises,food
29167526,D'Artagnan (food company),Food manufacturers of the United States,food
14665244,Michael Jordan's Steakhouse,Food manufacturers of the United States,food
55627410,Koda Farms,Food manufacturers of the United States,food
4477984,Bush Brothers and Company,Food manufacturers of the United States,food
19868611,Luck's Incorporated,Food manufacturers of the United States,food
35676770,J.H. Filbert,Food manufacturers of the United States,food
1227721,General Foods,Food manufacturers of the United States,food
23988690,American Sugar Refining,Food manufacturers of the United States,food
8325559,Franklin Baker Company,Food manufacturers of the United States,food
54266286,Wyandot Snacks,Food manufacturers of the United States,food
241578,Nabisco,Food manufacturers of the United States,food
25801618,Utah-Idaho Sugar Company,Food manufacturers of the United States,food
30294843,Herlocher Foods,Food manufacturers of the United States,food
21511549,Ralcorp,Food manufacturers of the United States,food
47077361,Koch Foods,Food manufacturers of the United States,food
39098248,Pamlab,Food manufacturers of the United States,food
15451989,Mrs. T's Pierogies,Food manufacturers of the United States,food
37093729,Hillshire Brands,Food manufacturers of the United States,food
8942752,Solae (company),Food manufacturers of the United States,food
42112604,Bubba Foods,Food manufacturers of the United States,food
16067875,Blue California,Food manufacturers of the United States,food
1822193,Green Giant,Food manufacturers of the United States,food
16996991,Willamette Valley Fruit Company,Food manufacturers of the United States,food
36905178,Chiffon margarine,Food manufacturers of the United States,food
31616727,The Morning Star Company,Food manufacturers of the United States,food
23986291,Reily Foods Company,Food manufacturers of the United States,food
28917168,Peanut Butter & Co.,Food manufacturers of the United States,food
13503559,Topps Meat Company,Food manufacturers of the United States,food
2092543,Beer Nuts,Food manufacturers of the United States,food
11403874,Dakota Beef,Food manufacturers of the United States,food
58169808,Wish Farms,Food manufacturers of the United States,food
22642155,Frontier Natural Products Co-op,Food manufacturers of the United States,food
9319790,Sturm Foods,Food manufacturers of the United States,food
18724619,Standard Brands,Food manufacturers of the United States,food
33477546,DeMet's Candy Company,Food manufacturers of the United States,food
12760297,Bob's Red Mill,Food manufacturers of the United States,food
289963,ADM (company),Food manufacturers of the United States,food
2594056,Morton Salt,Food manufacturers of the United States,food
10199248,Old Orchard Brands,Food manufacturers of the United States,food
53354661,Halo Top Creamery,Food manufacturers of the United States,food
653868,Kashi (company),Food manufacturers of the United States,food
47889899,Vanee Foods,Food manufacturers of the United States,food
4380700,Dakota Growers,Food manufacturers of the United States,food
21606709,Mrs. Fisher's,Food manufacturers of the United States,food
682652,NutraSweet,Food manufacturers of the United States,food
4397030,PowerBar,Food manufacturers of the United States,food
3902658,Kraft Foods Inc.,Food manufacturers of the United States,food
7416616,Odell's,Food manufacturers of the United States,food
39343224,Protein Technologies International,Food manufacturers of the United States,food
42359015,TreeHouse Foods,Food manufacturers of the United States,food
13881,Heinz,Food manufacturers of the United States,food
46223282,Kraft Heinz,Food manufacturers of the United States,food
8989613,Niman Ranch,Food manufacturers of the United States,food
3958919,Western Sugar Cooperative,Food manufacturers of the United States,food
65497145,Five Daughters Bakery,Food manufacturers of the United States,food
6601736,Turbana,Food manufacturers of the United States,food
26920447,Ruiz Foods,Food manufacturers of the United States,food
37965130,The Leavitt Corporation,Food manufacturers of the United States,food
10655828,Hulman & Company,Food manufacturers of the United States,food
54586410,K&N's Foods USA,Food manufacturers of the United States,food
65304283,Blue Plate Mayonnaise,Food manufacturers of the United States,food
25126455,American Manufacturing and Packaging,Food manufacturers of the United States,food
25557736,Plumrose USA,Food manufacturers of the United States,food
3223146,Kettle Foods,Food manufacturers of the United States,food
3665365,Allen Family Foods,Food manufacturers of the United States,food
1276663,Sara Lee Corporation,Food manufacturers of the United States,food
11420282,Driscoll's,Food manufacturers of the United States,food
25851349,Seeds of Change,Food manufacturers of the United States,food
21805252,Red Gold,Food manufacturers of the United States,food
18574978,Hollandia Produce,Food manufacturers of the United States,food
10623318,Mrs. Smith's,Food manufacturers of the United States,food
9610209,Ovson Egg,Food manufacturers of the United States,food
57471205,Kodiak Cakes,Food manufacturers of the United States,food
3736012,Boar's Head Provision Company,Food manufacturers of the United States,food
19303954,Northland Organic Foods Corporation,Food manufacturers of the United States,food
4097627,Seneca Foods,Food manufacturers of the United States,food
57490152,Mountaire Farms,Food manufacturers of the United States,food
11277640,Fuji Food,Food manufacturers of the United States,food
26204174,"Naturally Fresh, Inc.",Food manufacturers of the United States,food
7064875,T. Marzetti Company,Food manufacturers of the United States,food
484155,Aunt Jemima,Food manufacturers of the United States,food
31156381,Jack & Jason's Pancakes & Waffles,Food manufacturers of the United States,food
21795325,Spangler Candy Company,Food manufacturers of the United States,food
6229565,Borden (company),Food manufacturers of the United States,food
13583352,Swany White Flour Mills,Food manufacturers of the United States,food
11519255,Agriprocessors,Food manufacturers of the United States,food
2346583,Grote & Weigel,Food manufacturers of the United States,food
46581758,Simmons Foods,Food manufacturers of the United States,food
771479,Chiquita Brands International,Food manufacturers of the United States,food
30725453,Allen Brothers,Food manufacturers of the United States,food
38189852,Frieda's Inc.,Food manufacturers of the United States,food
3500234,H&H Bagels,Food manufacturers of the United States,food
778188,Conagra Brands,Food manufacturers of the United States,food
2372784,Idahoan Foods,Food manufacturers of the United States,food
40755571,Sunland Inc.,Food manufacturers of the United States,food
518715,Kraft Foods,Food manufacturers of the United States,food
11788773,Tallgrass Beef Company,Food manufacturers of the United States,food
55595029,Sir Kensington's,Food manufacturers of the United States,food
1100202,Tyson Foods,Food manufacturers of the United States,food
25125130,Campbell Soup Company,Food manufacturers of the United States,food
171275,Ben & Jerry's,Food manufacturers of the United States,food
43744670,Sunmark Corporation,Food manufacturers of the United States,food
7061668,Otis Spunkmeyer,Food manufacturers of the United States,food
232964,Goya Foods,Food manufacturers of the United States,food
1650148,Reser's Fine Foods,Food manufacturers of the United States,food
5778042,Steen's cane syrup,Food manufacturers of the United States,food
42475537,LYFE Kitchen,Food manufacturers of the United States,food
3266512,Bellisio Foods,Food manufacturers of the United States,food
41538031,E. M. Todd Company,Food manufacturers of the United States,food
2269621,Mott's,Food manufacturers of the United States,food
8252309,Krinos Foods,Food manufacturers of the United States,food
3200220,Smithfield Hog Production Division,Food manufacturers of the United States,food
16692995,Kansas City Steak Company,Food manufacturers of the United States,food
399700,Fleer,Food manufacturers of the United States,food
4586310,American Sugar Refining Company,Food manufacturers of the United States,food
38548308,Molinari's,Food manufacturers of the United States,food
2851525,Bowman Gum,Food manufacturers of the United States,food
1446087,Omaha Steaks,Food manufacturers of the United States,food
50994068,Velvet Ice Cream Company,Food manufacturers of the United States,food
60633550,BOU (food company),Food manufacturers of the United States,food
57531602,Monogram Foods,Food manufacturers of the United States,food
575127,Newman's Own,Food manufacturers of the United States,food
2116781,Ore-Ida,Food manufacturers of the United States,food
27700691,Richelieu Foods,Food manufacturers of the United States,food
18613314,Castleberry's Food Company,Food manufacturers of the United States,food
45381646,Pacific Coast Biscuit Company,Food manufacturers of the United States,food
38475371,Moody Dunbar,Food manufacturers of the United States,food
15833706,Hallmark/Westland Meat Packing Company,Food manufacturers of the United States,food
2127293,Birds Eye,Food manufacturers of the United States,food
24758741,Freezer Queen,Food manufacturers of the United States,food
22718164,J&D's Down Home Enterprises,Food manufacturers of the United States,food
3996570,Chef America Inc.,Food manufacturers of the United States,food
19858325,Zacky Farms,Food manufacturers of the United States,food
1136380,Ocean Spray (cooperative),Food manufacturers of the United States,food
50409177,Yin yang fried rice,Food stubs,food
46198314,Utica greens,Food stubs,food
51112496,Cup noodle,Food stubs,food
9230356,Stuffed clam,Food stubs,food
10460984,Bulldog gravy,Food stubs,food
23218400,Egg wash,Food stubs,food
36643469,Frogeye salad,Food stubs,food
2155549,Blodpalt,Food stubs,food
26976143,Honey production in Hungary,Food stubs,food
60571379,Toasted Sister,Food stubs,food
7998349,Packed lunch,Food stubs,food
22719767,Ulam (salad),Food stubs,food
51391626,Discretionary food,Food stubs,food
40787326,Kuurdak,Food stubs,food
27938482,Malidzano,Food stubs,food
47993516,Sofrito (stew),Food stubs,food
34033864,Koi (dish),Food stubs,food
60371229,Vanilla hearts,Food stubs,food
12181193,Míša,Food stubs,food
52225873,Albaloo polo,Food stubs,food
2463218,Ristra,Food stubs,food
47434601,Da Bao,Food stubs,food
51501598,Sanguinaccio dolce,Food stubs,food
44476596,Eggslut,Food stubs,food
52163792,Egg in beer,Food stubs,food
56209753,Backhendl,Food stubs,food
3931717,Pickled egg,Food stubs,food
2970565,Slinger (dish),Food stubs,food
24108831,Ymer (dairy product),Food stubs,food
6469346,Snack mix,Food stubs,food
42760252,Kue kembang goyang,Food stubs,food
32413086,Cap cai,Food stubs,food
50878186,Ayam pansuh,Food stubs,food
64379391,Light Soup,Food stubs,food
26883413,Tocosh,Food stubs,food
990772,Food fight,Food stubs,food
43080748,Spatlo,Food stubs,food
23814720,Grade A milk,Food stubs,food
2096710,Stovies,Food stubs,food
23820433,Fat free lean index,Food stubs,food
54488977,Charcoal in food,Food stubs,food
20033448,List of foods by protein content,Food stubs,food
45039493,Chinese bhel,Food stubs,food
3388246,Ovo vegetarianism,Food stubs,food
36048808,VBites,Food stubs,food
42709603,West Indies salad,Food stubs,food
8476180,Pocket sandwich,Food stubs,food
46287202,Bogobe jwa lerotse,Food stubs,food
7841763,Gerber sandwich,Food stubs,food
36531459,Steak and oyster pie,Food stubs,food
47605008,Sønderjysk kaffebord,Food stubs,food
19486929,Patatnik,Food stubs,food
30223112,Pollotarianism,Food stubs,food
48691063,Fura (food),Food stubs,food
18589569,Boston baked beans,Food stubs,food
39115956,Pie tee,Food stubs,food
25433991,Catfish stew,Food stubs,food
56312932,Dabo kolo,Food stubs,food
53507467,Papa's,Food stubs,food
67847564,Picada (Argentine cuisine),Food stubs,food
21652455,Øllebrød,Food stubs,food
9460834,Obara (stew),Food stubs,food
14633375,ECOCERT,Food stubs,food
67163398,Kue pastel,Food stubs,food
56448697,Ballokume,Food stubs,food
25689361,Himmel und Erde,Food stubs,food
63982603,Tubaani,Food stubs,food
42565317,Milkshed,Food stubs,food
41005824,Calentao,Food stubs,food
4022319,Schnitz un knepp,Food stubs,food
62274315,Bulk Barn,Food stubs,food
39813679,Kapuska,Food stubs,food
8510553,Serving suggestion,Food stubs,food
42369757,Macroom Oatmeal,Food stubs,food
11751793,Traiteur (culinary profession),Food stubs,food
4913385,Pimp That Snack,Food stubs,food
42990998,Sham feeding,Food stubs,food
56686863,Fresh food,Food stubs,food
52172604,Mangalore buns,Food stubs,food
54396486,Pizza marinara,Food stubs,food
25658287,Cool store,Food stubs,food
38818394,Rice burger,Food stubs,food
8235428,Dead-cakes,Food stubs,food
58750844,Vyazma pryanik,Food stubs,food
37551895,Pomazánkové máslo,Food stubs,food
58220145,5 Star (chocolate),Food stubs,food
66018764,Pumpkin flour,Food stubs,food
52809695,Keema matar,Food stubs,food
31658379,Serranito,Food stubs,food
60594178,All-day café,Food stubs,food
65058283,Three Great Noodles of Morioka,Food stubs,food
30836548,Betty Crocker Kitchens,Food stubs,food
26698573,Schlachteplatte,Food stubs,food
6454623,Rubaboo,Food stubs,food
3047372,Kelaguen,Food stubs,food
65941502,Meat Hope,Food stubs,food
46452600,Nirmala's Spice World,Food stubs,food
16746835,Black dumplings,Food stubs,food
42386292,Phat mi Khorat,Food stubs,food
1589925,Superstar Chef Challenge,Food stubs,food
25200823,FoodDrinkEurope,Food stubs,food
8811389,Ponk,Food stubs,food
16572474,Chef at Home,Food stubs,food
45400724,Kokonte,Food stubs,food
48169075,Mare milk,Food stubs,food
40341841,Course (food),Food stubs,food
51360262,Mimosa salad,Food stubs,food
23947715,Tirokafteri,Food stubs,food
14530400,Clams oreganata,Food stubs,food
12551864,Flaky pastry,Food stubs,food
57283266,Phat kaphrao,Food stubs,food
64326581,Agbeli Kaklo,Food stubs,food
61347306,Grandma Brown's Baked Beans,Food stubs,food
56938997,Parachute Emergency Ration,Food stubs,food
42250296,Jangdokdae,Food stubs,food
24761027,Chapea,Food stubs,food
13691435,Saffron rice,Food stubs,food
57556703,Fifteens,Food stubs,food
483012,Raisin bran,Food stubs,food
59120160,Buddha bowl,Food stubs,food
18893866,Garlic butter,Food stubs,food
12273799,Flying Jacob,Food stubs,food
43406958,Candied almonds,Food stubs,food
54661175,Pitzuchim,Food stubs,food
5357447,Juba (food),Food stubs,food
4699915,Fish and brewis,Food stubs,food
25035805,Fritelli,Food stubs,food
66448742,Suzanne Campbell,Food stubs,food
23819667,Flow to market,Food stubs,food
43776045,Pizza capricciosa,Food stubs,food
62262539,Baghali polo,Food stubs,food
46774332,Over Thirty Months Scheme,Food stubs,food
46294636,Bliss point (food),Food stubs,food
13387305,Stage (cooking),Food stubs,food
18095363,Pinangat na isda,Food stubs,food
50235719,Buckwheat pancake,Food stubs,food
14216151,Poutine râpée,Food stubs,food
159718,Melba toast,Food stubs,food
3961987,Quail eggs,Food stubs,food
3920757,Buttercream,Food stubs,food
59822838,Pantesca salad,Food stubs,food
34000967,Maple slaw,Food stubs,food
6354455,Tamalito,Food stubs,food
62666120,Toast Skagen,Food stubs,food
48702771,Thattai (Indian food),Food stubs,food
43708146,Seal meat,Food stubs,food
10194260,Siu yeh,Food stubs,food
42023167,Chigirtma,Food stubs,food
8234779,Khoresh,Food stubs,food
2136494,Salad bowl,Food stubs,food
6464441,Throdkin,Food stubs,food
14208478,Panackelty,Food stubs,food
26526729,Ema datshi,Food stubs,food
8635309,Flädle,Food stubs,food
13019929,Nutrient timing,Food stubs,food
31880282,Food away from home,Food stubs,food
48411233,National Hot Dog and Sausage Council,Food stubs,food
44918698,Tru Blu Beverages,Food stubs,food
56185445,Guokui,Food stubs,food
64268581,Zowey,Food stubs,food
56004164,Ragi flour,Food stubs,food
24538531,Food drunk,Food stubs,food
2410252,Sugar Busters!,Food stubs,food
56232732,Regulation (EU) No 1169/2011,Food stubs,food
27622613,Slider (sandwich),Food stubs,food
44698701,Red red,Food stubs,food
5777706,Pasembur,Food stubs,food
54589512,Momchilovtsi (drink),Food stubs,food
35764282,Fruit and vegetable wash,Food stubs,food
2218463,Kolot,Food stubs,food
21038833,Tombet,Food stubs,food
58032282,Mun tahu,Food stubs,food
16322477,Ricardo and Friends,Food stubs,food
1788790,Vaho,Food stubs,food
13178917,Crunchiness,Food stubs,food
30066599,Tuile,Food stubs,food
1864628,Lyutika,Food stubs,food
5306696,Kinilnat,Food stubs,food
48245389,Chorrillana,Food stubs,food
49549493,Pepsi Spire,Food stubs,food
42553969,New York International Olive Oil Competition,Food stubs,food
42600384,Reference intake,Food stubs,food
6298398,Freezer centre,Food stubs,food
22375698,ServSafe,Food stubs,food
22834393,Fruit pudding,Food stubs,food
21652301,Dyrlægens natmad,Food stubs,food
53478875,Meal delivery service,Food stubs,food
28013372,Sinki (food),Food stubs,food
14764148,Bran flakes,Food stubs,food
56458998,Côte,Food stubs,food
64270555,Ayigbe biscuit,Food stubs,food
65540834,Game chips,Food stubs,food
65794144,Bakakak hayam,Food stubs,food
62262389,Loobia polo,Food stubs,food
65556709,Stroncatura,Food stubs,food
63189208,Bodega (store),Food stubs,food
30496099,Mas riha,Food stubs,food
8806816,Mirza Ghassemi,Food stubs,food
6286814,Food museum,Food stubs,food
3188061,Opsophagos,Food stubs,food
9910159,Seattle roll,Food stubs,food
53220420,Roseisle distillery,Food stubs,food
56846251,Sarimi,Food stubs,food
5929192,Roti john,Food stubs,food
56057622,European Union food quality scandal,Food stubs,food
143498,Salting (food),Food stubs,food
448820,Wok with Yan,Food stubs,food
56050557,Pagash,Food stubs,food
1920945,Tortelloni,Food stubs,food
35847404,Onsen tamago,Food stubs,food
55106928,Huevos estrellados,Food stubs,food
18443091,Rostbrätel,Food stubs,food
37809424,Spanisch Brötli,Food stubs,food
7702788,Sauce Américaine,Food stubs,food
23181595,Edible lichen,Food stubs,food
34684037,Tochitură,Food stubs,food
13515630,Culinary theatre,Food stubs,food
27868848,Beurre Rose,Food stubs,food
5247429,Bouche of court,Food stubs,food
49947704,Pictou County pizza,Food stubs,food
61323644,Mpoto Mpoto,Food stubs,food
42750377,Sport for Food,Food stubs,food
4803487,U.S. Poultry & Egg Association,Food stubs,food
65556024,Jjapaguri,Food stubs,food
8412666,Vegetarian hot dog,Food stubs,food
34360922,Food drive,Food stubs,food
57992591,Sapo tahu,Food stubs,food
38734657,Goma-ae,Food stubs,food
36742560,Gnudi,Food stubs,food
67163302,Pastel (Brazilian food),Food stubs,food
3077190,Urnebes,Food stubs,food
57862046,Milk roll,Food stubs,food
4786233,Seafoam salad,Food stubs,food
8077502,Urechis unicinctus,Food stubs,food
50306101,Ekuru,Food stubs,food
16075084,Field kitchen,Food stubs,food
39032451,Red caviar,Food stubs,food
59676461,List of edible invasive species,Food stubs,food
23282625,Dessert salad,Food stubs,food
54117784,Wolt,Food stubs,food
51150571,Mega Food Parks,Food stubs,food
11007070,Strata (food),Food stubs,food
6312513,Knoephla,Food stubs,food
3153813,Spruce gum,Food stubs,food
49888080,Lacquemant waffles,Food stubs,food
33129136,Ethical omnivorism,Food stubs,food
36041567,Oil down,Food stubs,food
43818186,Puffcorn,Food stubs,food
37182389,Katův šleh,Food stubs,food
1112987,Vla,Food stubs,food
16863666,Maconochie,Food stubs,food
6099133,Pie and peas,Food stubs,food
49628984,Sohbat,Food stubs,food
43821304,Guild of Fine Food,Food stubs,food
50568380,All-dressed,Food stubs,food
5672169,Vatapá,Food stubs,food
61631732,Climatarian diet,Food stubs,food
45429243,Plakali,Food stubs,food
2031324,Carrot cake,French cuisine,food
11570226,Lyonnaise potatoes,French cuisine,food
18779280,Duchess potatoes,French cuisine,food
1281741,Réveillon,French cuisine,food
30871915,Pommes Anna,French cuisine,food
27950917,École Supérieure de Cuisine Française (ESCF) - Ferrandi,French cuisine,food
26879832,Ganache,French cuisine,food
8306906,Confrérie de la Chaîne des Rôtisseurs,French cuisine,food
68180843,Oeuf mayonnaise,French cuisine,food
249326,Mirepoix,French cuisine,food
60967,Ortolan bunting,French cuisine,food
707704,Fondue,French cuisine,food
492165,Le Cordon Bleu,French cuisine,food
334079,Haute cuisine,French cuisine,food
61933,Mayonnaise,French cuisine,food
38731989,Henri-Paul Pellaprat,French cuisine,food
2241599,Verjuice,French cuisine,food
22604686,Tournedos Rossini,French cuisine,food
40794952,Haute Cuisine (film),French cuisine,food
31732680,Potjevleesch,French cuisine,food
18900075,List of chefs,French cuisine,food
30558390,Pigeon pie,French cuisine,food
176566,French toast,French cuisine,food
28945070,Vadouvan,French cuisine,food
18779146,Cassolette,French cuisine,food
11002,French cuisine,French cuisine,food
48800825,À la Maréchale,French cuisine,food
62520510,Gigot bitume,French cuisine,food
2245302,Aligot,French cuisine,food
62731053,Pain petri,French cuisine,food
194882,Fines herbes,French cuisine,food
213220,Quiche,French cuisine,food
62414963,Cuisine bourgeoise,French cuisine,food
15493152,La Cuisinière Cordon Bleu,French cuisine,food
746196,Bouquet garni,French cuisine,food
38817051,En vessie,French cuisine,food
12670982,List of French dishes,French cuisine,food
64568102,L'Art culinaire,French cuisine,food
825876,Caviar,French cuisine,food
63102043,Mère (restaurateur),French cuisine,food
21084572,Pâté aux pommes de terre,French cuisine,food
57264145,French tacos,French cuisine,food
5965907,Boeuf à la mode,French cuisine,food
8551266,Pâtisserie,French cuisine,food
64072220,Tome fraîche,French cuisine,food
4752956,Steak au poivre,French cuisine,food
62386320,Plombières (dessert),French cuisine,food
25758959,Matignon (cuisine),French cuisine,food
4079336,Gratin dauphinois,French cuisine,food
230149,Foie gras,French cuisine,food
18966277,Caquelon,French cuisine,food
2617132,Charcuterie,French cuisine,food
2664040,Crudités,French cuisine,food
2308482,Bistro,French cuisine,food
52951862,Raviole du Dauphiné,French cuisine,food
2277679,Duck confit,French cuisine,food
10885,French fries,French cuisine,food
26451729,Cordon bleu (dish),French cuisine,food
3968385,Odette Kahn,French cuisine,food
585885,Escargot,French cuisine,food
48744803,Carrot soup,French cuisine,food
32301618,Three Emperors Dinner,French cuisine,food
842227,Pâté,French cuisine,food
1012261,Frikandel,French cuisine,food
169315,Herbes de Provence,French cuisine,food
2710306,Duxelles,French cuisine,food
327960,Marie-Antoine Carême,French cuisine,food
12856849,Cuisine minceur,French cuisine,food
43236999,Ma Gastronomie,French cuisine,food
679936,Rillettes,French cuisine,food
37733,Blancmange,French cuisine,food
302068,Croque monsieur,French cuisine,food
234224,Praline,French cuisine,food
3959709,Gratin,French cuisine,food
15119615,Boudin blanc de Rethel,French cuisine,food
32779601,Au Crocodile,French cuisine,food
2832638,Degustation,French cuisine,food
611752,Ravioli,French cuisine,food
23762747,Tante Marie,French cuisine,food
20990870,Jules Gouffé,French cuisine,food
581997,Pilaf,French cuisine,food
1888038,Au jus,French cuisine,food
10810271,Chiboust cream,French cuisine,food
25790368,Sablé (biscuit),French cuisine,food
6757791,Sugar pie,French cuisine,food
26381152,Moules-frites,French cuisine,food
65991806,Oreilles d'âne,French cuisine,food
39478039,Antoine Beauvilliers,French cuisine,food
66048336,French mother sauces,French cuisine,food
8850436,Roulade,French cuisine,food
64053479,Patranque,French cuisine,food
299848,Baguette,French cuisine,food
1064556,Quenelle,French cuisine,food
55904251,Provence Honey,French cuisine,food
1621250,Lardon,French cuisine,food
2107103,Mesclun,French cuisine,food
18904981,Tripes à la mode de Caen,French cuisine,food
24461980,Duck à l'orange,French cuisine,food
1438499,Brasserie,French cuisine,food
2966029,Pressed duck,French cuisine,food
12255257,Merienda,French cuisine,food
42091307,Gaston Gérard Chicken,French cuisine,food
1120976,Kornigou,French cuisine,food
34698688,Le Pot-au-feu,French cuisine,food
7293293,Louis de Bechamel,French cuisine,food
183107,Sausage roll,French cuisine,food
6966889,Persillade,French cuisine,food
142212,Meringue,French cuisine,food
1672662,Strudel,French cuisine,food
2281338,Court-bouillon,French cuisine,food
7182741,Patty,French cuisine,food
16887950,Brandade,French cuisine,food
1977267,Alain Ducasse,Head chefs of Michelin starred restaurants,food
17960875,Jason Atherton,Head chefs of Michelin starred restaurants,food
42594772,Emmanuel Renaut,Head chefs of Michelin starred restaurants,food
35671513,Eugénie Brazier,Head chefs of Michelin starred restaurants,food
36954480,Henk Savelberg,Head chefs of Michelin starred restaurants,food
30080694,Yannick Alléno,Head chefs of Michelin starred restaurants,food
47422818,Teague Moriarty,Head chefs of Michelin starred restaurants,food
3969691,Jean-Claude Vrinat,Head chefs of Michelin starred restaurants,food
54802663,María Marte,Head chefs of Michelin starred restaurants,food
34106562,Andreas Antona,Head chefs of Michelin starred restaurants,food
29868110,Daniel Patterson (chef),Head chefs of Michelin starred restaurants,food
45612085,Margo Reuten,Head chefs of Michelin starred restaurants,food
66859141,Bernard Pacaud,Head chefs of Michelin starred restaurants,food
14173352,Alessandro Stratta,Head chefs of Michelin starred restaurants,food
44843174,Régis Marcon,Head chefs of Michelin starred restaurants,food
41942493,Ultan Cooke,Head chefs of Michelin starred restaurants,food
62056037,Keith Braidwood,Head chefs of Michelin starred restaurants,food
5285581,Harald Wohlfahrt,Head chefs of Michelin starred restaurants,food
45402902,Jean-Paul Jeunet,Head chefs of Michelin starred restaurants,food
30910902,Anton Mosimann,Head chefs of Michelin starred restaurants,food
35048485,Beverly Kim,Head chefs of Michelin starred restaurants,food
55959078,Umberto Bombana,Head chefs of Michelin starred restaurants,food
10873911,Martín Berasategui,Head chefs of Michelin starred restaurants,food
529249,Masaharu Morimoto,Head chefs of Michelin starred restaurants,food
32224365,Martijn Kajuiter,Head chefs of Michelin starred restaurants,food
2653516,Albert Roux,Head chefs of Michelin starred restaurants,food
49665070,Jean-Luc Rabanel,Head chefs of Michelin starred restaurants,food
36091847,Daniel Clifford (chef),Head chefs of Michelin starred restaurants,food
11492289,Conrad Gallagher,Head chefs of Michelin starred restaurants,food
17714620,Santi Santamaria,Head chefs of Michelin starred restaurants,food
16184595,Aiden Byrne,Head chefs of Michelin starred restaurants,food
34940585,Nathan Outlaw,Head chefs of Michelin starred restaurants,food
55864045,Anita Klemensen,Head chefs of Michelin starred restaurants,food
32584965,Gerry Kirwan,Head chefs of Michelin starred restaurants,food
36963164,Martin Hadden,Head chefs of Michelin starred restaurants,food
26549593,Louis Outhier,Head chefs of Michelin starred restaurants,food
1481806,Pierre Wynants,Head chefs of Michelin starred restaurants,food
63172661,Pim Techamuanvivit,Head chefs of Michelin starred restaurants,food
59701531,Jean-Louis Palladin,Head chefs of Michelin starred restaurants,food
2211824,Heinz Winkler (chef),Head chefs of Michelin starred restaurants,food
38086818,Ben Pollinger,Head chefs of Michelin starred restaurants,food
52084216,Marie Bourgeois,Head chefs of Michelin starred restaurants,food
2154422,Eckart Witzigmann,Head chefs of Michelin starred restaurants,food
32382046,Michael Ryan (chef),Head chefs of Michelin starred restaurants,food
22568902,Dylan McGrath,Head chefs of Michelin starred restaurants,food
43226833,Francois Bise,Head chefs of Michelin starred restaurants,food
56012466,Katell Guillou,Head chefs of Michelin starred restaurants,food
20934853,Chan Yan-tak,Head chefs of Michelin starred restaurants,food
58728824,Fabio Trabocchi,Head chefs of Michelin starred restaurants,food
1100889,Fernand Point,Head chefs of Michelin starred restaurants,food
24746132,Marc Veyrat,Head chefs of Michelin starred restaurants,food
1656423,Heston Blumenthal,Head chefs of Michelin starred restaurants,food
30786452,Christophe Aribert,Head chefs of Michelin starred restaurants,food
40389410,Joan Roca i Fontané,Head chefs of Michelin starred restaurants,food
55725250,Nancy Oakes,Head chefs of Michelin starred restaurants,food
26862755,Alexis Gauthier,Head chefs of Michelin starred restaurants,food
67623438,Jérôme Banctel,Head chefs of Michelin starred restaurants,food
41007674,Michel Michaud,Head chefs of Michelin starred restaurants,food
41192837,Gérald Passedat,Head chefs of Michelin starred restaurants,food
8279499,David Thompson (chef),Head chefs of Michelin starred restaurants,food
66189606,Antonino Cannavacciuolo,Head chefs of Michelin starred restaurants,food
19094931,Alain Chapel,Head chefs of Michelin starred restaurants,food
2211688,Helmut Thieltges,Head chefs of Michelin starred restaurants,food
2995152,Jean-Christophe Novelli,Head chefs of Michelin starred restaurants,food
5311137,Michael Caines,Head chefs of Michelin starred restaurants,food
23458646,Simon Radley,Head chefs of Michelin starred restaurants,food
5164628,Robbie Millar,Head chefs of Michelin starred restaurants,food
37098058,Nico Ladenis,Head chefs of Michelin starred restaurants,food
66846904,Tom Aikens,Head chefs of Michelin starred restaurants,food
51495439,Mathieu Pacaud,Head chefs of Michelin starred restaurants,food
4023860,Éric Ripert,Head chefs of Michelin starred restaurants,food
38024520,Paul Liebrandt,Head chefs of Michelin starred restaurants,food
43794052,Bruno Barbieri,Head chefs of Michelin starred restaurants,food
12148809,Alfons Schuhbeck,Head chefs of Michelin starred restaurants,food
32257030,Hans Peter Matthiae,Head chefs of Michelin starred restaurants,food
36863638,April Bloomfield,Head chefs of Michelin starred restaurants,food
38086820,Brad Farmerie,Head chefs of Michelin starred restaurants,food
21209839,Léa Linster,Head chefs of Michelin starred restaurants,food
65971987,Nicolas Sale,Head chefs of Michelin starred restaurants,food
16335584,Andrea Accordi,Head chefs of Michelin starred restaurants,food
36650884,Herman van Ham,Head chefs of Michelin starred restaurants,food
8653388,Nancy Silverton,Head chefs of Michelin starred restaurants,food
21200696,Rasmus Kofoed,Head chefs of Michelin starred restaurants,food
36749082,Anne-Sophie Pic,Head chefs of Michelin starred restaurants,food
4853862,Paul Rankin,Head chefs of Michelin starred restaurants,food
22727690,Pierre Troisgros,Head chefs of Michelin starred restaurants,food
36293289,Michel Flamme,Head chefs of Michelin starred restaurants,food
25441522,Tom Kitchin,Head chefs of Michelin starred restaurants,food
48301620,Michael O'Hare (chef),Head chefs of Michelin starred restaurants,food
45538851,Jean-Paul Abadie,Head chefs of Michelin starred restaurants,food
32584627,Matt Dowling,Head chefs of Michelin starred restaurants,food
41472114,Jean-François Piège,Head chefs of Michelin starred restaurants,food
46584436,Jean-Louis Nomicos,Head chefs of Michelin starred restaurants,food
5305904,Wylie Dufresne,Head chefs of Michelin starred restaurants,food
37471737,Sébastien Masi,Head chefs of Michelin starred restaurants,food
67559808,Arnaud Lallement,Head chefs of Michelin starred restaurants,food
17044986,Philippe Rochat,Head chefs of Michelin starred restaurants,food
38068234,Nicholas Stefanelli,Head chefs of Michelin starred restaurants,food
942637,Thomas Keller,Head chefs of Michelin starred restaurants,food
56721897,List of female chefs with Michelin stars,Head chefs of Michelin starred restaurants,food
44037593,Jean Sulpice,Head chefs of Michelin starred restaurants,food
3776794,Nobu Matsuhisa,Head chefs of Michelin starred restaurants,food
23406996,Christopher Lee (chef),Head chefs of Michelin starred restaurants,food
34533718,Clare Smyth,Head chefs of Michelin starred restaurants,food
39605128,Roger Vergé,Head chefs of Michelin starred restaurants,food
34514494,Édouard Loubet,Head chefs of Michelin starred restaurants,food
49636360,Andrée Rosier,Head chefs of Michelin starred restaurants,food
53483951,Ana Roš,Head chefs of Michelin starred restaurants,food
46302939,Paco Roncero,Head chefs of Michelin starred restaurants,food
2947322,Marco Pierre White,Head chefs of Michelin starred restaurants,food
32584973,Michael Bolster,Head chefs of Michelin starred restaurants,food
11341813,Sat Bains,Head chefs of Michelin starred restaurants,food
4310060,Nick Nairn,Head chefs of Michelin starred restaurants,food
32105440,Robert Thompson (chef),Head chefs of Michelin starred restaurants,food
60985653,Iliana Regan,Head chefs of Michelin starred restaurants,food
53031456,Paul Ainsworth,Head chefs of Michelin starred restaurants,food
636344,Gordon Ramsay,Head chefs of Michelin starred restaurants,food
53738533,Paul Cunningham (chef),Head chefs of Michelin starred restaurants,food
32244064,Paolo Tullio,Head chefs of Michelin starred restaurants,food
39113023,Ron Blaauw (chef),Head chefs of Michelin starred restaurants,food
23169033,Massimiliano Alajmo,Head chefs of Michelin starred restaurants,food
55788536,Celia Jiménez (chef),Head chefs of Michelin starred restaurants,food
51119973,José Avillez,Head chefs of Michelin starred restaurants,food
57491424,Kwen Liew,Head chefs of Michelin starred restaurants,food
31847304,Oliver Dunne,Head chefs of Michelin starred restaurants,food
39758930,Christopher Kostow,Head chefs of Michelin starred restaurants,food
36855922,Missy Robbins,Head chefs of Michelin starred restaurants,food
24362609,Pierre Koffmann,Head chefs of Michelin starred restaurants,food
10870008,Michel Bras,Head chefs of Michelin starred restaurants,food
4130799,Daniel Boulud,Head chefs of Michelin starred restaurants,food
29090438,Anita Lo,Head chefs of Michelin starred restaurants,food
5880831,Alfred Portale,Head chefs of Michelin starred restaurants,food
32741356,Quique Dacosta,Head chefs of Michelin starred restaurants,food
29881086,Marc Forgione,Head chefs of Michelin starred restaurants,food
5046302,Marcus Wareing,Head chefs of Michelin starred restaurants,food
60353643,Adeline Grattard,Head chefs of Michelin starred restaurants,food
857127,Paul Bocuse,Head chefs of Michelin starred restaurants,food
58638949,Heinz Beck (chef),Head chefs of Michelin starred restaurants,food
46319112,Gilbert Le Coze,Head chefs of Michelin starred restaurants,food
53230621,Nicolai Nørregaard,Head chefs of Michelin starred restaurants,food
16717083,Gary Danko,Head chefs of Michelin starred restaurants,food
32060552,Ross Lewis (chef),Head chefs of Michelin starred restaurants,food
36688543,Hélène Darroze,Head chefs of Michelin starred restaurants,food
63517305,Lorna McNee,Head chefs of Michelin starred restaurants,food
55763247,Karen Keygnaert,Head chefs of Michelin starred restaurants,food
55914122,Nieves Barragán Mohacho,Head chefs of Michelin starred restaurants,food
45395448,Michel Roth,Head chefs of Michelin starred restaurants,food
36575495,Skye Gyngell,Head chefs of Michelin starred restaurants,food
41532937,Guy Martin (chef),Head chefs of Michelin starred restaurants,food
23067134,James Sommerin,Head chefs of Michelin starred restaurants,food
988918,Joël Robuchon,Head chefs of Michelin starred restaurants,food
6218705,Michael Mina,Head chefs of Michelin starred restaurants,food
11662098,Laurent Manrique,Head chefs of Michelin starred restaurants,food
26159152,Shaun Rankin,Head chefs of Michelin starred restaurants,food
48441222,André Chiang,Head chefs of Michelin starred restaurants,food
52478307,Dominique Crenn,Head chefs of Michelin starred restaurants,food
1044117,Bernard Loiseau,Head chefs of Michelin starred restaurants,food
4307446,Alain Roux,Head chefs of Michelin starred restaurants,food
36855495,Carrie Nahabedian,Head chefs of Michelin starred restaurants,food
36909410,Lisa Goodwin-Allen,Head chefs of Michelin starred restaurants,food
35273070,Stéphane Froidevaux,Head chefs of Michelin starred restaurants,food
36749992,Elena Arzak,Head chefs of Michelin starred restaurants,food
51310160,Tommy Banks (chef),Head chefs of Michelin starred restaurants,food
1039323,Wolfgang Puck,Head chefs of Michelin starred restaurants,food
22912015,Éric Chavot,Head chefs of Michelin starred restaurants,food
55929470,Titti Qvarnström,Head chefs of Michelin starred restaurants,food
3386091,Pierre Gagnaire,Head chefs of Michelin starred restaurants,food
66585145,Eneko Azurmendi,Head chefs of Michelin starred restaurants,food
58134158,Pedro Subijana,Head chefs of Michelin starred restaurants,food
19601996,Martin Blunos,Head chefs of Michelin starred restaurants,food
22571312,Derry Clarke,Head chefs of Michelin starred restaurants,food
3968469,Raymond Oliver,Head chefs of Michelin starred restaurants,food
24062564,David Bouley,Head chefs of Michelin starred restaurants,food
26548898,Frédy Girardet,Head chefs of Michelin starred restaurants,food
24759557,Patrik Jaros,Head chefs of Michelin starred restaurants,food
52411423,Seiji Yamamoto,Head chefs of Michelin starred restaurants,food
62056039,Nicola Braidwood,Head chefs of Michelin starred restaurants,food
2366709,Curtis Stone,Head chefs of Michelin starred restaurants,food
32917193,Jacques Lameloise,Head chefs of Michelin starred restaurants,food
35313184,Theo Randall,Head chefs of Michelin starred restaurants,food
66509535,Phil Howard (chef),Head chefs of Michelin starred restaurants,food
19092107,Michel Roux Jr.,Head chefs of Michelin starred restaurants,food
32371134,Barry Smyth,Head chefs of Michelin starred restaurants,food
3577886,Alan Yau,Head chefs of Michelin starred restaurants,food
18243742,Eyvind Hellstrøm,Head chefs of Michelin starred restaurants,food
48397220,Daniel Galmiche,Head chefs of Michelin starred restaurants,food
37716382,Magnus Lindgren (chef),Head chefs of Michelin starred restaurants,food
43239725,Jean Baptiste Molinari,Head chefs of Michelin starred restaurants,food
32047138,Declan Ryan (chef),Head chefs of Michelin starred restaurants,food
38209657,Christopher Naylor (chef),Head chefs of Michelin starred restaurants,food
31955772,Guillaume Lebrun,Head chefs of Michelin starred restaurants,food
38086815,Michael White (chef),Head chefs of Michelin starred restaurants,food
34554721,Georges Blanc,Head chefs of Michelin starred restaurants,food
32235564,Myrtle Allen,Head chefs of Michelin starred restaurants,food
31745623,Alan Murchison,Head chefs of Michelin starred restaurants,food
22849913,Andrew Fairlie (chef),Head chefs of Michelin starred restaurants,food
38755014,Maartje Boudeling,Head chefs of Michelin starred restaurants,food
32173947,Kei Pilz,Head chefs of Michelin starred restaurants,food
62050008,Luisa Marelli Valazza,Head chefs of Michelin starred restaurants,food
46310011,Jiro Ono (chef),Head chefs of Michelin starred restaurants,food
38089568,Marcus Gleadow-Ware,Head chefs of Michelin starred restaurants,food
13571871,Alain Senderens,Head chefs of Michelin starred restaurants,food
67658595,Jean-André Charial,Head chefs of Michelin starred restaurants,food
14480213,Guy Savoy,Head chefs of Michelin starred restaurants,food
57708867,Sophie Bise,Head chefs of Michelin starred restaurants,food
39116846,Paul van Waarden (chef),Head chefs of Michelin starred restaurants,food
736272,Raymond Blanc,Head chefs of Michelin starred restaurants,food
21124315,Bent Stiansen,Head chefs of Michelin starred restaurants,food
21215931,Mathias Dahlgren,Head chefs of Michelin starred restaurants,food
55777333,Cristina Bowerman,Head chefs of Michelin starred restaurants,food
44859127,Éric Pras,Head chefs of Michelin starred restaurants,food
39240266,Kenny Atkinson (chef),Head chefs of Michelin starred restaurants,food
560180,Polenta,Italian cuisine,food
823467,Silvia Colloca,Italian cuisine,food
2061852,Caffè mocha,Italian cuisine,food
708974,Rapini,Italian cuisine,food
45266858,Rustico (pastry),Italian cuisine,food
3686582,Lardo,Italian cuisine,food
140607,Lasagne,Italian cuisine,food
46672135,Crescentina modenese,Italian cuisine,food
2644458,Frittata,Italian cuisine,food
2881185,Trattoria,Italian cuisine,food
17822034,Vallée d'Aoste Lard d'Arnad,Italian cuisine,food
1330188,Al dente,Italian cuisine,food
11290869,Arrosticini,Italian cuisine,food
43385749,Cuisine of Abruzzo,Italian cuisine,food
40584,Pistachio,Italian cuisine,food
802486,Peperoncino,Italian cuisine,food
19977430,Cicchetti,Italian cuisine,food
65440248,Gebildbrot,Italian cuisine,food
178962,Knödel,Italian cuisine,food
29178,Spaghetti,Italian cuisine,food
32125586,Italian Eritrean cuisine,Italian cuisine,food
8720533,Bertolli,Italian cuisine,food
29261391,Speck Alto Adige PGI,Italian cuisine,food
22502579,Quadratini,Italian cuisine,food
3343456,Saltimbocca,Italian cuisine,food
3462177,Arborio rice,Italian cuisine,food
26682494,Traditional Balsamic Vinegar,Italian cuisine,food
5271814,Sardenara,Italian cuisine,food
214320,Carpaccio,Italian cuisine,food
3489134,Lemon chicken,Italian cuisine,food
43893873,Tiella,Italian cuisine,food
24845213,Tramezzino,Italian cuisine,food
13388185,Strade dei vini e dei sapori,Italian cuisine,food
1069035,Bresaola,Italian cuisine,food
57252592,Pasta all'Ortolana,Italian cuisine,food
25488507,Farina bona,Italian cuisine,food
358923,Delicatessen,Italian cuisine,food
20841377,Ciccioli,Italian cuisine,food
44457824,Cuisine of Corsica,Italian cuisine,food
4887246,Farro,Italian cuisine,food
23871,Pasta,Italian cuisine,food
59930990,Roman pizza,Italian cuisine,food
2088553,Sagra (festival),Italian cuisine,food
14926,List of Italian dishes,Italian cuisine,food
42801,Nutella,Italian cuisine,food
95411,Gnocchi,Italian cuisine,food
3735620,Italian cuisine,Italian cuisine,food
43291418,Vialone Nano,Italian cuisine,food
791882,Calzone,Italian cuisine,food
53773757,Veal Milanese,Italian cuisine,food
50469,Garlic,Italian cuisine,food
15937667,Friggitello,Italian cuisine,food
27876108,Crostino,Italian cuisine,food
36956,Cappuccino,Italian cuisine,food
20229,Macaroni,Italian cuisine,food
67516665,Motsetta,Italian cuisine,food
18371059,Pizza al taglio,Italian cuisine,food
66958559,Vitello Milanese,Italian cuisine,food
13801712,Pastina,Italian cuisine,food
5106456,Sorbet,Italian cuisine,food
50044386,Chestnut pie,Italian cuisine,food
66175878,Ravikos,Italian cuisine,food
8754555,Affogato,Italian cuisine,food
12071935,Aria di Festa,Italian cuisine,food
2085695,Squash blossom,Italian cuisine,food
20242,Minestrone,Italian cuisine,food
8960278,Rollatini,Italian cuisine,food
42089239,Stuffed tomatoes,Italian cuisine,food
640174,Avgolemono,Italian cuisine,food
1160218,Capocollo,Italian cuisine,food
60068156,Semmelknödel,Italian cuisine,food
63102299,Dairy farming in Italy,Italian cuisine,food
10136221,Al forno,Italian cuisine,food
26500740,Italian meal structure,Italian cuisine,food
5665824,Tyrolean Speck,Italian cuisine,food
24768,Pizza,Italian cuisine,food
14313459,Agrodolce,Italian cuisine,food
46212792,Torta Bertolina,Italian cuisine,food
847398,Balsamic vinegar,Italian cuisine,food
900356,Radicchio,Italian cuisine,food
53429126,Salumeria,Italian cuisine,food
2312828,Braciola,Italian cuisine,food
3258172,Buñuelo,Italian cuisine,food
2718339,Bottarga,Italian cuisine,food
58231766,Vincisgrassi,Italian cuisine,food
20630528,Prodotto agroalimentare tradizionale,Italian cuisine,food
2899565,Cherry tomato,Italian cuisine,food
4242147,Mojama,Italian cuisine,food
23852947,Timballo,Italian cuisine,food
10237096,Carne al piatto,Italian cuisine,food
44112800,Japanese cuisine in São Paulo,Japanese cuisine,food
18311463,Chūka (food),Japanese cuisine,food
3204046,Japanese curry,Japanese cuisine,food
4423523,Anago,Japanese cuisine,food
493378,Hanabiramochi,Japanese cuisine,food
147800,Hiyayakko,Japanese cuisine,food
3747122,Shizuoka oden,Japanese cuisine,food
58984204,Okowa,Japanese cuisine,food
30832558,So (dairy product),Japanese cuisine,food
24110108,Pork shogayaki,Japanese cuisine,food
6805030,Kanpyō (food),Japanese cuisine,food
8446693,Matsusaka beef,Japanese cuisine,food
28271,Sushi,Japanese cuisine,food
2899128,Omakase,Japanese cuisine,food
36500195,Robatayaki,Japanese cuisine,food
1038072,Hijiki,Japanese cuisine,food
7153126,Tonburi,Japanese cuisine,food
370863,Prunus mume,Japanese cuisine,food
17156,Kipper,Japanese cuisine,food
47839432,Hot pot,Japanese cuisine,food
2709368,Curry bread,Japanese cuisine,food
985909,Makunouchi,Japanese cuisine,food
148858,Kakigōri,Japanese cuisine,food
59089760,Moffle,Japanese cuisine,food
57866,Kudzu,Japanese cuisine,food
13541990,Sakuramochi,Japanese cuisine,food
13571230,List of Japanese ingredients,Japanese cuisine,food
35887077,Eel as food,Japanese cuisine,food
169482,Kamaboko,Japanese cuisine,food
2050994,Shirataki,Japanese cuisine,food
61945,Beefsteak,Japanese cuisine,food
220980,Akashiyaki,Japanese cuisine,food
6799080,Petasites japonicus,Japanese cuisine,food
1052050,Karasumi,Japanese cuisine,food
180075,Takoyaki,Japanese cuisine,food
47772745,Katsukarē,Japanese cuisine,food
15666449,Blue-backed fish,Japanese cuisine,food
35722648,History of Japanese cuisine,Japanese cuisine,food
6905316,Ganmodoki,Japanese cuisine,food
45235394,Japanese cheesecake,Japanese cuisine,food
998118,Ekiben,Japanese cuisine,food
25369822,Sakurayu,Japanese cuisine,food
28748592,Narutomaki,Japanese cuisine,food
180540,Niboshi,Japanese cuisine,food
53797202,Shippoku,Japanese cuisine,food
49349121,Dagashi,Japanese cuisine,food
8841485,Sakana,Japanese cuisine,food
58781453,Lagenaria siceraria var. hispida,Japanese cuisine,food
58127305,Ogura toast,Japanese cuisine,food
5099958,Namasu,Japanese cuisine,food
2826060,Arctium lappa,Japanese cuisine,food
88056,Oden,Japanese cuisine,food
45673741,Sticks'n'Sushi,Japanese cuisine,food
23181822,Edible seaweed,Japanese cuisine,food
11786371,Sea pineapple,Japanese cuisine,food
21839164,Nanbanzuke,Japanese cuisine,food
1049140,Sansai,Japanese cuisine,food
24199219,Itamae,Japanese cuisine,food
2619958,Char siu,Japanese cuisine,food
50653758,Spaghetti sandwich,Japanese cuisine,food
22157440,Nimono,Japanese cuisine,food
30871625,Erythronium japonicum,Japanese cuisine,food
548597,Conveyor belt sushi,Japanese cuisine,food
6132883,Tokusanhin,Japanese cuisine,food
1034114,Kayu,Japanese cuisine,food
2427068,Yakimochi,Japanese cuisine,food
9272839,Tamagoyaki,Japanese cuisine,food
47826174,Surimi,Japanese cuisine,food
65046227,Morioka Jajamen,Japanese cuisine,food
8001454,Kabayaki,Japanese cuisine,food
62959882,Pickled carrot,Japanese cuisine,food
13571454,List of Japanese dishes,Japanese cuisine,food
7898355,Kakuni,Japanese cuisine,food
9055214,Tendon as food,Japanese cuisine,food
17590400,Hiyashi chūka,Japanese cuisine,food
7934654,Tsukudani,Japanese cuisine,food
15746223,Honmei choco,Japanese cuisine,food
1876589,Wagamama,Japanese cuisine,food
15976,Japanese cuisine,Japanese cuisine,food
11115221,Pig's ear (food),Japanese cuisine,food
39699883,Crab ice cream,Japanese cuisine,food
7327779,Tekkadon,Japanese cuisine,food
46360,Sashimi,Japanese cuisine,food
481170,Fiddlehead,Japanese cuisine,food
6905066,Pholiota microspora,Japanese cuisine,food
81963,Chazuke,Japanese cuisine,food
12285804,Giri choco,Japanese cuisine,food
375321,Nattō,Japanese cuisine,food
22327430,Decouverte du Sushi,Japanese cuisine,food
182135,Tentsuyu,Japanese cuisine,food
17162350,Jingisukan,Japanese cuisine,food
2089946,Halo-halo,Japanese cuisine,food
13769018,Ikayaki,Japanese cuisine,food
53454579,Food in the Occupation of Japan,Japanese cuisine,food
47879343,Norimaki,Japanese cuisine,food
4695938,Sake set,Japanese cuisine,food
156520,Udon,Japanese cuisine,food
147721,Nabemono,Japanese cuisine,food
43440003,Kushikatsu,Japanese cuisine,food
1999349,Prunus salicina,Japanese cuisine,food
60439573,Customs and etiquette in Japanese dining,Japanese cuisine,food
3114311,Mukimono,Japanese cuisine,food
37717759,Bottle keep,Japanese cuisine,food
1849474,Green laver,Japanese cuisine,food
6885780,Sakura cheese,Japanese cuisine,food
67441121,Shinsen,Japanese cuisine,food
4229827,Nobu,Japanese cuisine,food
179359,Teriyaki,Japanese cuisine,food
53442034,Ōmi beef,Japanese cuisine,food
15941331,Hishi mochi,Japanese cuisine,food
6981170,Takikomi gohan,Japanese cuisine,food
57811324,Sonoko Sakai,Japanese cuisine,food
64866352,Suiton,Japanese cuisine,food
11880650,Gyoza,Japanese cuisine,food
19284171,Asazuke,Japanese cuisine,food
2742334,Kagami mochi,Japanese cuisine,food
3462832,Negimaki,Japanese cuisine,food
59153663,Otaru Ankake Yakisoba,Japanese cuisine,food
37117749,Ikameshi,Japanese cuisine,food
1678590,Tamago kake gohan,Japanese cuisine,food
797031,Konjac,Japanese cuisine,food
61473525,Shoyumame,Japanese cuisine,food
844525,Japanese kitchen,Japanese cuisine,food
15357867,Jakoten,Japanese cuisine,food
53586229,Nagoya cuisine,Japanese cuisine,food
2180102,Tamagozake,Japanese cuisine,food
30940901,Mitarashi dango,Japanese cuisine,food
416752,Umeboshi,Japanese cuisine,food
15803041,Shimotsukare,Japanese cuisine,food
2022675,Konnyaku,Japanese cuisine,food
27057896,Wanko soba,Japanese cuisine,food
12590120,Okazu,Japanese cuisine,food
1034119,Okayu,Japanese cuisine,food
47826135,Egg drop soup,Japanese cuisine,food
2417703,Aspergillus oryzae,Japanese cuisine,food
44687005,Obanzai,Japanese cuisine,food
41116058,Hōchōdō,Japanese cuisine,food
3868846,Honzen-ryōri,Japanese cuisine,food
291972,Fajita,Mexican cuisine,food
1608912,Carne asada,Mexican cuisine,food
2178682,Cabrito,Mexican cuisine,food
14566913,Saladitos,Mexican cuisine,food
2059350,Machaca,Mexican cuisine,food
23649300,Opuntia,Mexican cuisine,food
3828139,Chicken feet,Mexican cuisine,food
39411827,Huachinango a la Veracruzana,Mexican cuisine,food
3372202,Carnitas,Mexican cuisine,food
3075431,Queso Chihuahua,Mexican cuisine,food
30730148,Guajolota,Mexican cuisine,food
67979292,Tacos de canasta,Mexican cuisine,food
1689660,Hallaca,Mexican cuisine,food
64156339,Cambarellus zacapuensis,Mexican cuisine,food
39306995,Dulces Miguelito,Mexican cuisine,food
50700539,Jocoque,Mexican cuisine,food
87784,Pico de gallo,Mexican cuisine,food
1915776,Frito pie,Mexican cuisine,food
37515043,Cuisine of Veracruz,Mexican cuisine,food
47498829,Chicharrón de queso,Mexican cuisine,food
36535359,Torito,Mexican cuisine,food
704826,Dulce de leche,Mexican cuisine,food
2834697,Santa Fe Grande,Mexican cuisine,food
54601877,Chimayo pepper,Mexican cuisine,food
62596034,Sandia pepper,Mexican cuisine,food
303084,Corn smut,Mexican cuisine,food
51497828,Taco trucks on every corner,Mexican cuisine,food
44429903,Tequesquite,Mexican cuisine,food
1177906,Clamato,Mexican cuisine,food
12297788,Torta ahogada,Mexican cuisine,food
13784801,List of Mexican dishes,Mexican cuisine,food
12709840,Tesgüino,Mexican cuisine,food
48445454,The Cuisines of Mexico,Mexican cuisine,food
13383318,Sope,Mexican cuisine,food
20928098,Huarache (food),Mexican cuisine,food
10554768,Cahuamanta,Mexican cuisine,food
6149721,Curtido,Mexican cuisine,food
2966831,Pachyrhizus erosus,Mexican cuisine,food
7086285,Chahuis,Mexican cuisine,food
1748877,Beer in Mexico,Mexican cuisine,food
6817076,Suadero,Mexican cuisine,food
3149989,Chile con queso,Mexican cuisine,food
6819760,Chenopodium nuttalliae,Mexican cuisine,food
50622855,Pepito (sandwich),Mexican cuisine,food
5025579,Birria,Mexican cuisine,food
22700180,Fresno chile,Mexican cuisine,food
298210,Chili con carne,Mexican cuisine,food
47517087,Calabacitas con puerco,Mexican cuisine,food
2563962,Sincronizada,Mexican cuisine,food
67895298,Píib,Mexican cuisine,food
47439993,Pastel azteca,Mexican cuisine,food
47423875,Carne a la tampiqueña,Mexican cuisine,food
13974429,Frijoles charros,Mexican cuisine,food
14505482,Empalme (food),Mexican cuisine,food
2220157,Pumpkin seed,Mexican cuisine,food
26762330,Discada,Mexican cuisine,food
11757013,Entomatada,Mexican cuisine,food
523380,Tomatillo,Mexican cuisine,food
47931588,Piedra (Mexican cuisine),Mexican cuisine,food
193815,Mulato pepper,Mexican cuisine,food
20167,Mexican cuisine,Mexican cuisine,food
7803213,Longaniza,Mexican cuisine,food
6923385,Pinole,Mexican cuisine,food
964239,Drunken chicken,Mexican cuisine,food
10934241,Natillas,Mexican cuisine,food
1681449,Migas,Mexican cuisine,food
47629481,Pan de cazón,Mexican cuisine,food
16659506,Panocha,Mexican cuisine,food
475861,Jalapeño,Mexican cuisine,food
10324321,Stuffed peppers,Mexican cuisine,food
47424076,Al ajillo,Mexican cuisine,food
178574,Baked beans,Mexican cuisine,food
88417,Tostada (tortilla),Mexican cuisine,food
8278204,Piper auritum,Mexican cuisine,food
40639399,Alambre,Mexican cuisine,food
10159687,Liver (food),Mexican cuisine,food
475945,Chipotle,Mexican cuisine,food
11810027,Iguana meat,Mexican cuisine,food
484954,Quesadilla,Mexican cuisine,food
484865,Guacamole,Mexican cuisine,food
66601047,New Mexico No. 9,Mexican cuisine,food
30859,Tex-Mex,Mexican cuisine,food
12550133,Salpicon,Mexican cuisine,food
1093071,Milanesa,Mexican cuisine,food
2108349,Torta,Mexican cuisine,food
74225,Chili pepper,Mexican cuisine,food
1091819,Pickled pigs' feet,Mexican cuisine,food
2626768,Chapulines,Mexican cuisine,food
13556562,Mexican street food,Mexican cuisine,food
38945,Cooking banana,Mexican cuisine,food
35007401,Axayacatl (insect),Mexican cuisine,food
3134695,Romeritos,Mexican cuisine,food
3744131,Cecina (meat),Mexican cuisine,food
28949113,Esquites,Mexican cuisine,food
4912158,Agave syrup,Mexican cuisine,food
10909992,Aztec cuisine,Mexican cuisine,food
87791,Corn tortilla,Mexican cuisine,food
2843249,Rajas con crema,Mexican cuisine,food
59614694,Mexican-American cuisine,Mexican cuisine,food
5085717,Piki,Mexican cuisine,food
47862537,Habanero,Mexican cuisine,food
7121057,Seven-layer dip,Mexican cuisine,food
1909895,Nixtamalization,Mexican cuisine,food
44656027,Cacahuazintle,Mexican cuisine,food
12796120,Mixiote,Mexican cuisine,food
1242340,Adobo,Mexican cuisine,food
13953,Hominy,Mexican cuisine,food
70553,Ceviche,Mexican cuisine,food
2003602,Gordita,Mexican cuisine,food
47788840,Uchepos,Mexican cuisine,food
1944678,Chalupa,Mexican cuisine,food
39927944,Cueritos,Mexican cuisine,food
50632848,Crema (dairy product),Mexican cuisine,food
509059,Empanada,Mexican cuisine,food
2917823,Taquito,Mexican cuisine,food
1556850,Machacado con huevo,Mexican cuisine,food
1951095,Barbacoa,Mexican cuisine,food
66994844,Matzoquiles,Mexican cuisine,food
6815759,Jumiles,Mexican cuisine,food
6815978,Escamol,Mexican cuisine,food
6036445,Mollete,Mexican cuisine,food
6777404,Beef brain,Mexican cuisine,food
5195319,Serrano pepper,Mexican cuisine,food
64495,Tamale,Mexican cuisine,food
47420400,Salsa verde,Mexican cuisine,food
4363108,Quails as food,Mexican cuisine,food
344490,Nachos,Mexican cuisine,food
6946544,Fried spider,Mexican cuisine,food
5682363,Dried and salted cod,Mexican cuisine,food
39928602,Tostilocos,Mexican cuisine,food
11792539,Corunda,Mexican cuisine,food
63049761,Cuisine of Mexico City,Mexican cuisine,food
215722,Blood sausage,Mexican cuisine,food
50098224,Charales (fish),Mexican cuisine,food
4806581,Picadillo,Mexican cuisine,food
51418585,Tortilla,Mexican cuisine,food
21207241,Burrito,Mexican cuisine,food
1849064,Tlacoyo,Mexican cuisine,food
51302016,International Pasty Festival,Mexican cuisine,food
37528378,Cuisine of Chiapas,Mexican cuisine,food
57432356,Maguey worm,Mexican cuisine,food
2884933,Chiles en nogada,Mexican cuisine,food
2331825,Frijoles negros,Mexican cuisine,food
12970871,Queso panela,Mexican cuisine,food
62075328,Hard-shell taco,Mexican cuisine,food
